variant_id;variant_class;mutations;n_mutations;activity_pa6_1;activity_pa6_2;activity_pa6_3;activity_pa6_4;tm_celsius_1;tm_celsius_2;strucuture_file
WT;single;;1;79;75;79;;85,8;85,7;75.cif
D99G;single;D99G;1;165;127;140;;83,7;83,5;127.cif
D99V;single;D99V;1;142;147;154;;84,1;83,3;147.cif
D99R;single;D99R;1;184;204;;;86,5;86,2;204.cif
F134W;single;F134W;1;212;222;;;86,1;86,2;222.cif
F301L;single;F301L;1;115;122;;;83,7;83,7;122.cif
D304M;single;D304M;1;236;231;;;89,4;89,6;231.cif
D304E;single;D304E;1;171;183;170;161;87,9;87,5;183.cif
D304Q;single;D304Q;1;169;155;147;;89,6;89,5;155.cif
D304V;single;D304V;1;118;145;;;88,2;88,2;145.cif
D304W;single;D304W;1;125;135;;;84,9;85,2;135.cif
D304R;single;D304R;1;122;135;112;;88,2;88,7;135.cif
D304L;single;D304L;1;139;136;;;89,5;89,6;136.cif
R330A;single;R330A;1;141;153;;;83,9;84,3;153.cif
R330Q;single;R330Q;1;142;152;128;;83,8;83,8;152.cif
F134W_D304M;double;"F134W;D304M";2;428;407;394;;89,9;90;407.cif
F134W_D304L;double;"F134W;D304L";2;397;340;374;;90,3;90,4;340.cif
F134W_D304I;double;"F134W;D304I";2;334;340;350;;89,9;90,5;340.cif
F134W_D304R;double;"F134W;D304R";2;260;236;;;88,5;88,5;236.cif
F134W_D304E;double;"F134W;D304E";2;243;250;226;;88,1;88,2;250.cif
F134W_D304S;double;"F134W;D304S";2;206;239;;;90,3;90,7;239.cif
F134W_D304V;double;"F134W;D304V";2;202;219;186;;88,6;88,9;219.cif
D99R_D304M;double;"D99R;D304M";2;146;132;;;;;132.cif
D99R_F134W;double;"D99R;F134W";2;243;243;243;;;;243.cif
D99R_F134W_R330A;triple;"D99R;F134W;R330A";3;406;406;406;;;;406.cif
D99R_F134W_D304M;triple;"D99R;F134W;D304M";3;248;248;248;;89,8;90,1;248.cif
D99G_F134W_D304M;triple;"D99G;F134W;D304M";3;266;266;266;;83,6;83,8;266.cif
D99V_F134W_D304M;triple;"D99V;F134W;D304M";3;201;201;201;;86,5;86,5;201.cif
F134W_D304M_R330A;triple;"F134W;D304M;R330A";3;520;520;520;;89,8;90,1;520.cif
F134W_D304M_R330Q;triple;"F134W;D304M;R330Q";3;372;372;372;;89,7;89,9;372.cif
D99R_F134W_D304M_R330A;quadruple;"D99R;F134W;D304M;R330A";4;296;296;296;;90,1;90,2;296.cif
D99G_F134W_D304M_R330A;quadruple;"D99G;F134W;D304M;R330A";4;410;410;410;;87,2;88;410.cif
D99V_F134W_D304M_R330A;quadruple;"D99V;F134W;D304M;R330A";4;391;391;391;;84,7;84,9;391.cif
D99R_F134W_D304M_R330Q;quadruple;"D99R;F134W;D304M;R330Q";4;255;255;255;;90,7;90,4;255.cif
D99G_F134W_D304M_R330Q;quadruple;"D99G;F134W;D304M;R330Q";4;258;258;258;;87,8;87,6;258.cif
D99V_F134W_D304M_R330Q;quadruple;"D99V;F134W;D304M;R330Q";4;205;205;205;;85,2;85,1;205.cif
