model,variant_id,mutation_signature,mutation_order,observed,predicted,abs_error,selected_setting,inner_mae,predicted_std_latent,predicted_std_observed,descriptor_set,model_family,training_distance_scale,resolved_lengthscale,min_train_kernel_eigenvalue,zero_shot_intercept_scaled,zero_shot_slope_scaled,fitted_lengthscale_multiplier,fitted_sigma_main,fitted_sigma_epi,fitted_sigma_noise,regularized_neg_log_marginal_likelihood,optimizer_success,mutations,selected_descriptor_set,selected_model,selected_pca_components,selected_lengthscale_multiplier,selected_sigma_main,selected_sigma_epi,selected_sigma_noise
train_mean,WT,WT,0,77.66666666666667,244.6446078431373,166.9779411764706,,,,,,,,,,,,,,,,,,,,,,,,,
train_mean,D99G,99,1,144.0,242.69362745098042,98.69362745098042,,,,,,,,,,,,,,,,,,,,,,,,,
train_mean,D99V,99,1,147.66666666666666,242.58578431372553,94.91911764705887,,,,,,,,,,,,,,,,,,,,,,,,,
train_mean,D99R,99,1,194.0,241.2230392156863,47.2230392156863,,,,,,,,,,,,,,,,,,,,,,,,,
train_mean,F134W,134,1,217.0,240.546568627451,23.546568627450995,,,,,,,,,,,,,,,,,,,,,,,,,
train_mean,D304M,304,1,233.5,240.06127450980395,6.561274509803951,,,,,,,,,,,,,,,,,,,,,,,,,
train_mean,D304E,304,1,171.25,241.8921568627451,70.64215686274511,,,,,,,,,,,,,,,,,,,,,,,,,
train_mean,D304Q,304,1,157.0,242.31127450980395,85.31127450980395,,,,,,,,,,,,,,,,,,,,,,,,,
train_mean,D304V,304,1,131.5,243.06127450980395,111.56127450980395,,,,,,,,,,,,,,,,,,,,,,,,,
train_mean,D304W,304,1,130.0,243.10539215686276,113.10539215686276,,,,,,,,,,,,,,,,,,,,,,,,,
train_mean,D304R,304,1,123.0,243.31127450980395,120.31127450980395,,,,,,,,,,,,,,,,,,,,,,,,,
train_mean,D304L,304,1,137.5,242.88480392156865,105.38480392156865,,,,,,,,,,,,,,,,,,,,,,,,,
train_mean,R330A,330,1,147.0,242.60539215686276,95.60539215686276,,,,,,,,,,,,,,,,,,,,,,,,,
train_mean,R330Q,330,1,140.66666666666666,242.7916666666667,102.12500000000006,,,,,,,,,,,,,,,,,,,,,,,,,
train_mean,F134W_D304M,134+304,2,409.6666666666667,234.8799019607843,174.78676470588238,,,,,,,,,,,,,,,,,,,,,,,,,
train_mean,F134W_D304L,134+304,2,370.3333333333333,236.03676470588235,134.29656862745097,,,,,,,,,,,,,,,,,,,,,,,,,
train_mean,F134W_D304I,134+304,2,341.3333333333333,236.88970588235293,104.44362745098039,,,,,,,,,,,,,,,,,,,,,,,,,
train_mean,F134W_D304R,134+304,2,248.0,239.6348039215686,8.36519607843141,,,,,,,,,,,,,,,,,,,,,,,,,
train_mean,F134W_D304E,134+304,2,239.66666666666666,239.8799019607843,0.21323529411765207,,,,,,,,,,,,,,,,,,,,,,,,,
train_mean,F134W_D304S,134+304,2,222.5,240.3848039215686,17.88480392156859,,,,,,,,,,,,,,,,,,,,,,,,,
train_mean,F134W_D304V,134+304,2,202.33333333333334,240.97794117647058,38.64460784313724,,,,,,,,,,,,,,,,,,,,,,,,,
train_mean,D99R_D304M,99+304,2,139.0,242.84068627450978,103.84068627450978,,,,,,,,,,,,,,,,,,,,,,,,,
train_mean,D99R_F134W,99+134,2,243.0,239.78186274509804,3.2181372549019613,,,,,,,,,,,,,,,,,,,,,,,,,
train_mean,D99R_F134W_R330A,99+134+330,3,406.0,234.9877450980392,171.0122549019608,,,,,,,,,,,,,,,,,,,,,,,,,
train_mean,D99R_F134W_D304M,99+134+304,3,248.0,239.63480392156862,8.365196078431381,,,,,,,,,,,,,,,,,,,,,,,,,
train_mean,D99G_F134W_D304M,99+134+304,3,266.0,239.10539215686273,26.894607843137265,,,,,,,,,,,,,,,,,,,,,,,,,
train_mean,D99V_F134W_D304M,99+134+304,3,201.0,241.01715686274505,40.017156862745054,,,,,,,,,,,,,,,,,,,,,,,,,
train_mean,F134W_D304M_R330A,134+304+330,3,520.0,231.63480392156862,288.3651960784314,,,,,,,,,,,,,,,,,,,,,,,,,
train_mean,F134W_D304M_R330Q,134+304+330,3,372.0,235.9877450980392,136.0122549019608,,,,,,,,,,,,,,,,,,,,,,,,,
train_mean,D99R_F134W_D304M_R330A,99+134+304+330,4,296.0,238.22303921568627,57.77696078431373,,,,,,,,,,,,,,,,,,,,,,,,,
train_mean,D99G_F134W_D304M_R330A,99+134+304+330,4,410.0,234.8700980392157,175.1299019607843,,,,,,,,,,,,,,,,,,,,,,,,,
train_mean,D99V_F134W_D304M_R330A,99+134+304+330,4,391.0,235.42892156862743,155.57107843137257,,,,,,,,,,,,,,,,,,,,,,,,,
train_mean,D99R_F134W_D304M_R330Q,99+134+304+330,4,255.0,239.42892156862743,15.57107843137257,,,,,,,,,,,,,,,,,,,,,,,,,
train_mean,D99G_F134W_D304M_R330Q,99+134+304+330,4,258.0,239.3406862745098,18.659313725490193,,,,,,,,,,,,,,,,,,,,,,,,,
train_mean,D99V_F134W_D304M_R330Q,99+134+304+330,4,205.0,240.89950980392155,35.899509803921546,,,,,,,,,,,,,,,,,,,,,,,,,
ridge_mutation_count,WT,WT,0,77.66666666666667,125.51775593615318,47.85108926948651,alpha=0.01,66.55589385206716,,,,,,,,,,,,,,,,,,,,,,,
ridge_mutation_count,D99G,99,1,144.0,179.21182357356784,35.21182357356784,alpha=0.01,66.63549825467277,,,,,,,,,,,,,,,,,,,,,,,
ridge_mutation_count,D99V,99,1,147.66666666666666,179.00341215333597,31.336745486669315,alpha=0.01,66.71560654137676,,,,,,,,,,,,,,,,,,,,,,,
ridge_mutation_count,D99R,99,1,194.0,176.36984966131445,17.630150338685553,alpha=0.01,66.62831894574413,,,,,,,,,,,,,,,,,,,,,,,
ridge_mutation_count,F134W,134,1,217.0,175.06254166167787,41.93745833832213,alpha=0.01,65.61480549290518,,,,,,,,,,,,,,,,,,,,,,,
ridge_mutation_count,D304M,304,1,233.5,174.1246902706343,59.37530972936571,alpha=0.01,64.887719754999,,,,,,,,,,,,,,,,,,,,,,,
ridge_mutation_count,D304E,304,1,171.25,177.66294779138974,6.41294779138974,alpha=0.01,67.2308484763138,,,,,,,,,,,,,,,,,,,,,,,
ridge_mutation_count,D304Q,304,1,157.0,178.47291035638196,21.47291035638196,alpha=0.01,66.919518543896,,,,,,,,,,,,,,,,,,,,,,,
ridge_mutation_count,D304V,304,1,131.5,179.92231705163118,48.42231705163118,alpha=0.01,66.3624018227273,,,,,,,,,,,,,,,,,,,,,,,
ridge_mutation_count,D304W,304,1,130.0,180.00757626899878,50.007576268998776,alpha=0.01,66.32963025089389,,,,,,,,,,,,,,,,,,,,,,,
ridge_mutation_count,D304R,304,1,123.0,180.40545261671429,57.405452616714285,alpha=0.01,66.17669624900442,,,,,,,,,,,,,,,,,,,,,,,
ridge_mutation_count,D304L,304,1,137.5,179.58128018216078,42.08128018216078,alpha=0.01,66.49348811006114,,,,,,,,,,,,,,,,,,,,,,,
ridge_mutation_count,R330A,330,1,147.0,179.04130513883263,32.04130513883263,alpha=0.01,66.70104139833965,,,,,,,,,,,,,,,,,,,,,,,
ridge_mutation_count,R330Q,330,1,140.66666666666666,179.40128850105143,38.73462183438477,alpha=0.01,66.56267253948731,,,,,,,,,,,,,,,,,,,,,,,
ridge_mutation_count,F134W_D304M,134+304,2,409.6666666666667,229.766974748209,179.89969191845768,alpha=0.01,60.66831216517885,,,,,,,,,,,,,,,,,,,,,,,
ridge_mutation_count,F134W_D304L,134+304,2,370.3333333333333,230.930387967393,139.40294536594033,alpha=0.01,62.170363061909875,,,,,,,,,,,,,,,,,,,,,,,
ridge_mutation_count,F134W_D304I,134+304,2,341.3333333333333,231.78815873068964,109.54517460264367,alpha=0.01,63.27780736712681,,,,,,,,,,,,,,,,,,,,,,,
ridge_mutation_count,F134W_D304R,134+304,2,248.0,234.54880026773634,13.45119973226366,alpha=0.01,66.84199593564111,,,,,,,,,,,,,,,,,,,,,,,
ridge_mutation_count,F134W_D304E,134+304,2,239.66666666666666,234.7952861192584,4.8713805474082505,alpha=0.01,67.1602270578299,,,,,,,,,,,,,,,,,,,,,,,
ridge_mutation_count,F134W_D304S,134+304,2,222.5,235.30304697339375,12.803046973393748,alpha=0.01,67.03970503914294,,,,,,,,,,,,,,,,,,,,,,,
ridge_mutation_count,F134W_D304V,134+304,2,202.33333333333334,235.8995427340771,33.56620940074376,alpha=0.01,66.55123492421711,,,,,,,,,,,,,,,,,,,,,,,
ridge_mutation_count,D99R_D304M,99+304,2,139.0,237.7728352056445,98.7728352056445,alpha=0.01,65.01719654676403,,,,,,,,,,,,,,,,,,,,,,,
ridge_mutation_count,D99R_F134W,99+134,2,243.0,234.6966917786496,8.303308221350392,alpha=0.01,67.03293460895439,,,,,,,,,,,,,,,,,,,,,,,
ridge_mutation_count,D99R_F134W_R330A,99+134+330,3,406.0,287.0259339665721,118.9740660334279,alpha=0.01,63.37498289142398,,,,,,,,,,,,,,,,,,,,,,,
ridge_mutation_count,D99R_F134W_D304M,99+134+304,3,248.0,294.72247295807625,46.72247295807625,alpha=0.01,66.12468189013953,,,,,,,,,,,,,,,,,,,,,,,
ridge_mutation_count,D99G_F134W_D304M,99+134+304,3,266.0,293.84565206030993,27.84565206030993,alpha=0.01,66.64954740612895,,,,,,,,,,,,,,,,,,,,,,,
ridge_mutation_count,D99V_F134W_D304M,99+134+304,3,201.0,297.0119497466882,96.01194974668817,alpha=0.01,64.75419970950051,,,,,,,,,,,,,,,,,,,,,,,
ridge_mutation_count,F134W_D304M_R330A,134+304+330,3,520.0,281.47273494738556,238.52726505261444,alpha=0.01,59.30647788768942,,,,,,,,,,,,,,,,,,,,,,,
ridge_mutation_count,F134W_D304M_R330Q,134+304+330,3,372.0,288.6821512179084,83.31784878209157,alpha=0.01,64.58839666446764,,,,,,,,,,,,,,,,,,,,,,,
ridge_mutation_count,D99R_F134W_D304M_R330A,99+134+304+330,4,296.0,356.65852674492083,60.658526744920835,alpha=0.01,65.57520771267545,,,,,,,,,,,,,,,,,,,,,,,
ridge_mutation_count,D99G_F134W_D304M_R330A,99+134+304+330,4,410.0,343.0065250795374,66.99347492046257,alpha=0.01,65.42729916225747,,,,,,,,,,,,,,,,,,,,,,,
ridge_mutation_count,D99V_F134W_D304M_R330A,99+134+304+330,4,391.0,345.2818586904346,45.7181413095654,alpha=0.01,66.12757455255577,,,,,,,,,,,,,,,,,,,,,,,
ridge_mutation_count,D99R_F134W_D304M_R330Q,99+134+304+330,4,255.0,361.5684571684359,106.56845716843588,alpha=0.01,64.01832806865664,,,,,,,,,,,,,,,,,,,,,,,
ridge_mutation_count,D99G_F134W_D304M_R330Q,99+134+304+330,4,258.0,361.20919396671536,103.20919396671536,alpha=0.01,64.13224609138973,,,,,,,,,,,,,,,,,,,,,,,
ridge_mutation_count,D99V_F134W_D304M_R330Q,99+134+304+330,4,205.0,367.55617719711285,162.55617719711285,alpha=0.01,62.11969435643864,,,,,,,,,,,,,,,,,,,,,,,
ridge_physical,WT,WT,0,77.66666666666667,145.92779076337877,68.2611240967121,alpha=10.0,56.69898716849239,,,,,,,,,,,,,,,,,,,,,,,
ridge_physical,D99G,99,1,144.0,130.52739616368086,13.472603836319138,alpha=10.0,58.518116747417764,,,,,,,,,,,,,,,,,,,,,,,
ridge_physical,D99V,99,1,147.66666666666666,85.46372988665178,62.20293678001488,alpha=10.0,56.817903514330084,,,,,,,,,,,,,,,,,,,,,,,
ridge_physical,D99R,99,1,194.0,117.55205051417133,76.44794948582867,alpha=10.0,55.83061856255352,,,,,,,,,,,,,,,,,,,,,,,
ridge_physical,F134W,134,1,217.0,252.69587207224498,35.69587207224498,alpha=10.0,57.67088086548077,,,,,,,,,,,,,,,,,,,,,,,
ridge_physical,D304M,304,1,233.5,168.06740966900998,65.43259033099002,alpha=10.0,55.7492434811015,,,,,,,,,,,,,,,,,,,,,,,
ridge_physical,D304E,304,1,171.25,139.48550395916814,31.764496040831858,alpha=10.0,57.470275678259,,,,,,,,,,,,,,,,,,,,,,,
ridge_physical,D304Q,304,1,157.0,144.03370364922398,12.96629635077602,alpha=10.0,58.18744407243143,,,,,,,,,,,,,,,,,,,,,,,
ridge_physical,D304V,304,1,131.5,175.50486571128488,44.00486571128488,alpha=10.0,57.50442654045818,,,,,,,,,,,,,,,,,,,,,,,
ridge_physical,D304W,304,1,130.0,195.824603619206,65.82460361920599,alpha=10.0,57.7383617736468,,,,,,,,,,,,,,,,,,,,,,,
ridge_physical,D304R,304,1,123.0,155.21563567635872,32.215635676358716,alpha=10.0,58.33392165877344,,,,,,,,,,,,,,,,,,,,,,,
ridge_physical,D304L,304,1,137.5,179.62718296417012,42.12718296417012,alpha=10.0,57.776631217494945,,,,,,,,,,,,,,,,,,,,,,,
ridge_physical,R330A,330,1,147.0,275.38335272883745,128.38335272883745,alpha=10.0,51.850612244680306,,,,,,,,,,,,,,,,,,,,,,,
ridge_physical,R330Q,330,1,140.66666666666666,163.03848283061222,22.371816163945567,alpha=10.0,58.07741971115108,,,,,,,,,,,,,,,,,,,,,,,
ridge_physical,F134W_D304M,134+304,2,409.6666666666667,273.8006504282456,135.86601623842108,alpha=10.0,52.598195480890205,,,,,,,,,,,,,,,,,,,,,,,
ridge_physical,F134W_D304L,134+304,2,370.3333333333333,275.7666945505085,94.56663878282484,alpha=10.0,54.606117025112745,,,,,,,,,,,,,,,,,,,,,,,
ridge_physical,F134W_D304I,134+304,2,341.3333333333333,277.4471444959105,63.88618883742282,alpha=10.0,55.952199221377,,,,,,,,,,,,,,,,,,,,,,,
ridge_physical,F134W_D304R,134+304,2,248.0,261.1021869740594,13.102186974059407,alpha=10.0,58.64784652878527,,,,,,,,,,,,,,,,,,,,,,,
ridge_physical,F134W_D304E,134+304,2,239.66666666666666,252.59613281669908,12.929466150032425,alpha=10.0,58.370062794794606,,,,,,,,,,,,,,,,,,,,,,,
ridge_physical,F134W_D304S,134+304,2,222.5,260.2055769909031,37.705576990903126,alpha=10.0,57.51894462765646,,,,,,,,,,,,,,,,,,,,,,,
ridge_physical,F134W_D304V,134+304,2,202.33333333333334,287.073942140183,84.74060880684968,alpha=10.0,56.5457455001891,,,,,,,,,,,,,,,,,,,,,,,
ridge_physical,D99R_D304M,99+304,2,139.0,172.60718588430387,33.607185884303874,alpha=10.0,58.119430764066315,,,,,,,,,,,,,,,,,,,,,,,
ridge_physical,D99R_F134W,99+134,2,243.0,237.2921618543655,5.707838145634497,alpha=10.0,58.640785955928216,,,,,,,,,,,,,,,,,,,,,,,
ridge_physical,D99R_F134W_R330A,99+134+330,3,406.0,317.0593020726385,88.9406979273615,alpha=10.0,56.62500581417312,,,,,,,,,,,,,,,,,,,,,,,
ridge_physical,D99R_F134W_D304M,99+134+304,3,248.0,279.7215989303843,31.72159893038429,alpha=10.0,58.23492155064513,,,,,,,,,,,,,,,,,,,,,,,
ridge_physical,D99G_F134W_D304M,99+134+304,3,266.0,281.32671190056084,15.326711900560838,alpha=10.0,58.50509200672302,,,,,,,,,,,,,,,,,,,,,,,
ridge_physical,D99V_F134W_D304M,99+134+304,3,201.0,262.98452741564444,61.984527415644436,alpha=10.0,57.251710207974895,,,,,,,,,,,,,,,,,,,,,,,
ridge_physical,F134W_D304M_R330A,134+304+330,3,520.0,358.30755044117285,161.69244955882715,alpha=10.0,53.794095556702345,,,,,,,,,,,,,,,,,,,,,,,
ridge_physical,F134W_D304M_R330Q,134+304+330,3,372.0,299.8169353837455,72.18306461625451,alpha=10.0,55.601130232911906,,,,,,,,,,,,,,,,,,,,,,,
ridge_physical,D99R_F134W_D304M_R330A,99+134+304+330,4,296.0,400.55635658280295,104.55635658280295,alpha=10.0,54.71903946505348,,,,,,,,,,,,,,,,,,,,,,,
ridge_physical,D99G_F134W_D304M_R330A,99+134+304+330,4,410.0,371.84976412527726,38.15023587472274,alpha=10.0,58.032055381228474,,,,,,,,,,,,,,,,,,,,,,,
ridge_physical,D99V_F134W_D304M_R330A,99+134+304+330,4,391.0,337.0757581697005,53.92424183029948,alpha=10.0,57.630845109204344,,,,,,,,,,,,,,,,,,,,,,,
ridge_physical,D99R_F134W_D304M_R330Q,99+134+304+330,4,255.0,303.06091188656114,48.06091188656114,alpha=10.0,57.815530141790624,,,,,,,,,,,,,,,,,,,,,,,
ridge_physical,D99G_F134W_D304M_R330Q,99+134+304+330,4,258.0,307.67297784032496,49.67297784032496,alpha=10.0,57.432382628025046,,,,,,,,,,,,,,,,,,,,,,,
ridge_physical,D99V_F134W_D304M_R330Q,99+134+304+330,4,205.0,287.6081511901798,82.6081511901798,alpha=10.0,56.388136132183625,,,,,,,,,,,,,,,,,,,,,,,
knn_physical,WT,WT,0,77.66666666666667,171.25,93.58333333333333,k=1,44.504901960784316,,,,,,,,,,,,,,,,,,,,,,,
knn_physical,D99G,99,1,144.0,130.93459858528752,13.065401414712483,k=3,51.441635468924055,,,,,,,,,,,,,,,,,,,,,,,
knn_physical,D99V,99,1,147.66666666666666,131.70409090395498,15.96257576271168,k=3,51.739505054211314,,,,,,,,,,,,,,,,,,,,,,,
knn_physical,D99R,99,1,194.0,77.66666666666667,116.33333333333333,k=1,49.38480392156863,,,,,,,,,,,,,,,,,,,,,,,
knn_physical,F134W,134,1,217.0,239.66666666666666,22.666666666666657,k=1,51.4828431372549,,,,,,,,,,,,,,,,,,,,,,,
knn_physical,D304M,304,1,233.5,137.5,96.0,k=1,44.600490196078425,,,,,,,,,,,,,,,,,,,,,,,
knn_physical,D304E,304,1,171.25,140.92913438055203,30.32086561944797,k=3,53.17076125016666,,,,,,,,,,,,,,,,,,,,,,,
knn_physical,D304Q,304,1,157.0,153.3053204862503,3.6946795137496906,k=3,53.408764006226825,,,,,,,,,,,,,,,,,,,,,,,
knn_physical,D304V,304,1,131.5,156.5882243314599,25.088224331459912,k=3,51.882737734675196,,,,,,,,,,,,,,,,,,,,,,,
knn_physical,D304W,304,1,130.0,187.72895244835203,57.72895244835203,k=3,48.124004666895104,,,,,,,,,,,,,,,,,,,,,,,
knn_physical,D304R,304,1,123.0,153.16499743888377,30.164997438883773,k=3,51.56172820138068,,,,,,,,,,,,,,,,,,,,,,,
knn_physical,D304L,304,1,137.5,199.74603266945937,62.24603266945937,k=3,50.65947952783276,,,,,,,,,,,,,,,,,,,,,,,
knn_physical,R330A,330,1,147.0,341.5219205773468,194.5219205773468,k=3,44.99485832901013,,,,,,,,,,,,,,,,,,,,,,,
knn_physical,R330Q,330,1,140.66666666666666,129.26073161884167,11.405935047824983,k=3,51.77862431507709,,,,,,,,,,,,,,,,,,,,,,,
knn_physical,F134W_D304M,134+304,2,409.6666666666667,327.472581540439,82.19408512622766,k=7,48.94418905819849,,,,,,,,,,,,,,,,,,,,,,,
knn_physical,F134W_D304L,134+304,2,370.3333333333333,339.3063776586225,31.02695567471079,k=7,52.08603815945805,,,,,,,,,,,,,,,,,,,,,,,
knn_physical,F134W_D304I,134+304,2,341.3333333333333,367.1163875825014,25.78305424916806,k=3,52.35103096008833,,,,,,,,,,,,,,,,,,,,,,,
knn_physical,F134W_D304R,134+304,2,248.0,321.12089586931893,73.12089586931893,k=3,48.930983074484786,,,,,,,,,,,,,,,,,,,,,,,
knn_physical,F134W_D304E,134+304,2,239.66666666666666,230.6429927327548,9.023673933911851,k=3,52.64011259401498,,,,,,,,,,,,,,,,,,,,,,,
knn_physical,F134W_D304S,134+304,2,222.5,218.44757252332366,4.052427476676343,k=3,51.48504116823643,,,,,,,,,,,,,,,,,,,,,,,
knn_physical,F134W_D304V,134+304,2,202.33333333333334,370.32017071776096,167.98683738442762,k=3,47.075984137570636,,,,,,,,,,,,,,,,,,,,,,,
knn_physical,D99R_D304M,99+304,2,139.0,233.5,94.5,k=1,50.02696078431373,,,,,,,,,,,,,,,,,,,,,,,
knn_physical,D99R_F134W,99+134,2,243.0,226.20154206975877,16.798457930241227,k=3,51.067295445270645,,,,,,,,,,,,,,,,,,,,,,,
knn_physical,D99R_F134W_R330A,99+134+330,3,406.0,322.86826852708,83.13173147292002,k=3,46.33106701818142,,,,,,,,,,,,,,,,,,,,,,,
knn_physical,D99R_F134W_D304M,99+134+304,3,248.0,325.4585676512395,77.45856765123949,k=3,51.39397982498857,,,,,,,,,,,,,,,,,,,,,,,
knn_physical,D99G_F134W_D304M,99+134+304,3,266.0,320.58787270718034,54.58787270718034,k=3,53.23734318607611,,,,,,,,,,,,,,,,,,,,,,,
knn_physical,D99V_F134W_D304M,99+134+304,3,201.0,230.59565545833635,29.595655458336353,k=3,53.56693897966087,,,,,,,,,,,,,,,,,,,,,,,
knn_physical,F134W_D304M_R330A,134+304+330,3,520.0,296.0,224.0,k=1,40.18872549019608,,,,,,,,,,,,,,,,,,,,,,,
knn_physical,F134W_D304M_R330Q,134+304+330,3,372.0,409.6666666666667,37.666666666666686,k=1,51.6985294117647,,,,,,,,,,,,,,,,,,,,,,,
knn_physical,D99R_F134W_D304M_R330A,99+134+304+330,4,296.0,520.0,224.0,k=1,42.9828431372549,,,,,,,,,,,,,,,,,,,,,,,
knn_physical,D99G_F134W_D304M_R330A,99+134+304+330,4,410.0,520.0,110.0,k=1,52.80637254901961,,,,,,,,,,,,,,,,,,,,,,,
knn_physical,D99V_F134W_D304M_R330A,99+134+304+330,4,391.0,410.0,19.0,k=1,52.247549019607845,,,,,,,,,,,,,,,,,,,,,,,
knn_physical,D99R_F134W_D304M_R330Q,99+134+304+330,4,255.0,319.74226524355464,64.74226524355464,k=3,52.432694681677624,,,,,,,,,,,,,,,,,,,,,,,
knn_physical,D99G_F134W_D304M_R330Q,99+134+304+330,4,258.0,277.83693971706913,19.83693971706913,k=3,54.910618330926525,,,,,,,,,,,,,,,,,,,,,,,
knn_physical,D99V_F134W_D304M_R330Q,99+134+304+330,4,205.0,201.0,4.0,k=1,54.4828431372549,,,,,,,,,,,,,,,,,,,,,,,
bayesian_ridge_physical,WT,WT,0,77.66666666666667,143.29963966706038,65.6329730003937,pre-specified,,,,,,,,,,,,,,,,,,,,,,,,
bayesian_ridge_physical,D99G,99,1,144.0,126.26638524755168,17.733614752448318,pre-specified,,,,,,,,,,,,,,,,,,,,,,,,
bayesian_ridge_physical,D99V,99,1,147.66666666666666,66.70479392030094,80.96187274636571,pre-specified,,,,,,,,,,,,,,,,,,,,,,,,
bayesian_ridge_physical,D99R,99,1,194.0,109.43690392219929,84.56309607780071,pre-specified,,,,,,,,,,,,,,,,,,,,,,,,
bayesian_ridge_physical,F134W,134,1,217.0,254.86623043207663,37.866230432076634,pre-specified,,,,,,,,,,,,,,,,,,,,,,,,
bayesian_ridge_physical,D304M,304,1,233.5,165.48132845023918,68.01867154976082,pre-specified,,,,,,,,,,,,,,,,,,,,,,,,
bayesian_ridge_physical,D304E,304,1,171.25,136.3065780727768,34.9434219272232,pre-specified,,,,,,,,,,,,,,,,,,,,,,,,
bayesian_ridge_physical,D304Q,304,1,157.0,141.15704529674662,15.842954703253383,pre-specified,,,,,,,,,,,,,,,,,,,,,,,,
bayesian_ridge_physical,D304V,304,1,131.5,174.30709178892772,42.80709178892772,pre-specified,,,,,,,,,,,,,,,,,,,,,,,,
bayesian_ridge_physical,D304W,304,1,130.0,194.41697883889364,64.41697883889364,pre-specified,,,,,,,,,,,,,,,,,,,,,,,,
bayesian_ridge_physical,D304R,304,1,123.0,152.580065405273,29.58006540527299,pre-specified,,,,,,,,,,,,,,,,,,,,,,,,
bayesian_ridge_physical,D304L,304,1,137.5,178.35040929434246,40.850409294342455,pre-specified,,,,,,,,,,,,,,,,,,,,,,,,
bayesian_ridge_physical,R330A,330,1,147.0,279.25196659735775,132.25196659735775,pre-specified,,,,,,,,,,,,,,,,,,,,,,,,
bayesian_ridge_physical,R330Q,330,1,140.66666666666666,159.85585317669512,19.189186510028463,pre-specified,,,,,,,,,,,,,,,,,,,,,,,,
bayesian_ridge_physical,F134W_D304M,134+304,2,409.6666666666667,276.50351157597373,133.16315509069295,pre-specified,,,,,,,,,,,,,,,,,,,,,,,,
bayesian_ridge_physical,F134W_D304L,134+304,2,370.3333333333333,278.26890991910346,92.06442341422985,pre-specified,,,,,,,,,,,,,,,,,,,,,,,,
bayesian_ridge_physical,F134W_D304I,134+304,2,341.3333333333333,279.9376256485847,61.39570768474863,pre-specified,,,,,,,,,,,,,,,,,,,,,,,,
bayesian_ridge_physical,F134W_D304R,134+304,2,248.0,263.6112706434125,15.611270643412524,pre-specified,,,,,,,,,,,,,,,,,,,,,,,,
bayesian_ridge_physical,F134W_D304E,134+304,2,239.66666666666666,254.47178227850253,14.805115611835873,pre-specified,,,,,,,,,,,,,,,,,,,,,,,,
bayesian_ridge_physical,F134W_D304S,134+304,2,222.5,263.3354047421593,40.83540474215931,pre-specified,,,,,,,,,,,,,,,,,,,,,,,,
bayesian_ridge_physical,F134W_D304V,134+304,2,202.33333333333334,291.92221528360517,89.58888195027183,pre-specified,,,,,,,,,,,,,,,,,,,,,,,,
bayesian_ridge_physical,D99R_D304M,99+304,2,139.0,169.2962513225444,30.296251322544407,pre-specified,,,,,,,,,,,,,,,,,,,,,,,,
bayesian_ridge_physical,D99R_F134W,99+134,2,243.0,236.78641786046148,6.2135821395385165,pre-specified,,,,,,,,,,,,,,,,,,,,,,,,
bayesian_ridge_physical,D99R_F134W_R330A,99+134+330,3,406.0,319.3949023887458,86.60509761125422,pre-specified,,,,,,,,,,,,,,,,,,,,,,,,
bayesian_ridge_physical,D99R_F134W_D304M,99+134+304,3,248.0,281.0655784665674,33.06557846656739,pre-specified,,,,,,,,,,,,,,,,,,,,,,,,
bayesian_ridge_physical,D99G_F134W_D304M,99+134+304,3,266.0,284.05613149143255,18.056131491432552,pre-specified,,,,,,,,,,,,,,,,,,,,,,,,
bayesian_ridge_physical,D99V_F134W_D304M,99+134+304,3,201.0,261.39012684651425,60.39012684651425,pre-specified,,,,,,,,,,,,,,,,,,,,,,,,
bayesian_ridge_physical,F134W_D304M_R330A,134+304+330,3,520.0,362.7442974956419,157.2557025043581,pre-specified,,,,,,,,,,,,,,,,,,,,,,,,
bayesian_ridge_physical,F134W_D304M_R330Q,134+304+330,3,372.0,301.47363711333867,70.52636288666133,pre-specified,,,,,,,,,,,,,,,,,,,,,,,,
bayesian_ridge_physical,D99R_F134W_D304M_R330A,99+134+304+330,4,296.0,410.28662403348983,114.28662403348983,pre-specified,,,,,,,,,,,,,,,,,,,,,,,,
bayesian_ridge_physical,D99G_F134W_D304M_R330A,99+134+304+330,4,410.0,377.34685935745443,32.653140642545566,pre-specified,,,,,,,,,,,,,,,,,,,,,,,,
bayesian_ridge_physical,D99V_F134W_D304M_R330A,99+134+304+330,4,391.0,337.6300776531224,53.369922346877615,pre-specified,,,,,,,,,,,,,,,,,,,,,,,,
bayesian_ridge_physical,D99R_F134W_D304M_R330Q,99+134+304+330,4,255.0,304.26402330232577,49.26402330232577,pre-specified,,,,,,,,,,,,,,,,,,,,,,,,
bayesian_ridge_physical,D99G_F134W_D304M_R330Q,99+134+304+330,4,258.0,310.59159338111965,52.59159338111965,pre-specified,,,,,,,,,,,,,,,,,,,,,,,,
bayesian_ridge_physical,D99V_F134W_D304M_R330Q,99+134+304+330,4,205.0,286.0025368075507,81.00253680755071,pre-specified,,,,,,,,,,,,,,,,,,,,,,,,
esm2_zero_shot_direct,WT,WT,0,77.66666666666667,0.0,,,,,,,,,,,,,,,,,,,,,,,,,,
esm2_zero_shot_direct,D99G,99,1,144.0,0.394376277923584,,,,,,,,,,,,,,,,,,,,,,,,,,
esm2_zero_shot_direct,D99V,99,1,147.66666666666666,-1.0818991661071777,,,,,,,,,,,,,,,,,,,,,,,,,,
esm2_zero_shot_direct,D99R,99,1,194.0,-0.2229156494140625,,,,,,,,,,,,,,,,,,,,,,,,,,
esm2_zero_shot_direct,F134W,134,1,217.0,-1.6134142875671387,,,,,,,,,,,,,,,,,,,,,,,,,,
esm2_zero_shot_direct,D304M,304,1,233.5,1.2718234062194824,,,,,,,,,,,,,,,,,,,,,,,,,,
esm2_zero_shot_direct,D304E,304,1,171.25,-0.12870025634765625,,,,,,,,,,,,,,,,,,,,,,,,,,
esm2_zero_shot_direct,D304Q,304,1,157.0,0.6128458976745605,,,,,,,,,,,,,,,,,,,,,,,,,,
esm2_zero_shot_direct,D304V,304,1,131.5,1.0098884105682373,,,,,,,,,,,,,,,,,,,,,,,,,,
esm2_zero_shot_direct,D304W,304,1,130.0,-1.6268281936645508,,,,,,,,,,,,,,,,,,,,,,,,,,
esm2_zero_shot_direct,D304R,304,1,123.0,0.29332399368286133,,,,,,,,,,,,,,,,,,,,,,,,,,
esm2_zero_shot_direct,D304L,304,1,137.5,1.3515572547912598,,,,,,,,,,,,,,,,,,,,,,,,,,
esm2_zero_shot_direct,R330A,330,1,147.0,0.589996337890625,,,,,,,,,,,,,,,,,,,,,,,,,,
esm2_zero_shot_direct,R330Q,330,1,140.66666666666666,-0.4495265483856201,,,,,,,,,,,,,,,,,,,,,,,,,,
esm2_zero_shot_direct,F134W_D304M,134+304,2,409.6666666666667,-0.37397050857543945,,,,,,,,,,,,,,,,,,,,,,,,,,
esm2_zero_shot_direct,F134W_D304L,134+304,2,370.3333333333333,-0.30857038497924805,,,,,,,,,,,,,,,,,,,,,,,,,,
esm2_zero_shot_direct,F134W_D304I,134+304,2,341.3333333333333,-1.5158584117889404,,,,,,,,,,,,,,,,,,,,,,,,,,
esm2_zero_shot_direct,F134W_D304R,134+304,2,248.0,-1.351405143737793,,,,,,,,,,,,,,,,,,,,,,,,,,
esm2_zero_shot_direct,F134W_D304E,134+304,2,239.66666666666666,-1.754098892211914,,,,,,,,,,,,,,,,,,,,,,,,,,
esm2_zero_shot_direct,F134W_D304S,134+304,2,222.5,0.028088808059692383,,,,,,,,,,,,,,,,,,,,,,,,,,
esm2_zero_shot_direct,F134W_D304V,134+304,2,202.33333333333334,-0.6432240009307861,,,,,,,,,,,,,,,,,,,,,,,,,,
esm2_zero_shot_direct,D99R_D304M,99+304,2,139.0,0.8640272617340088,,,,,,,,,,,,,,,,,,,,,,,,,,
esm2_zero_shot_direct,D99R_F134W,99+134,2,243.0,-1.88008451461792,,,,,,,,,,,,,,,,,,,,,,,,,,
esm2_zero_shot_direct,D99R_F134W_R330A,99+134+330,3,406.0,-1.374438762664795,,,,,,,,,,,,,,,,,,,,,,,,,,
esm2_zero_shot_direct,D99R_F134W_D304M,99+134+304,3,248.0,-0.8187360763549805,,,,,,,,,,,,,,,,,,,,,,,,,,
esm2_zero_shot_direct,D99G_F134W_D304M,99+134+304,3,266.0,-0.1622229814529419,,,,,,,,,,,,,,,,,,,,,,,,,,
esm2_zero_shot_direct,D99V_F134W_D304M,99+134+304,3,201.0,-1.7542459964752197,,,,,,,,,,,,,,,,,,,,,,,,,,
esm2_zero_shot_direct,F134W_D304M_R330A,134+304+330,3,520.0,0.2939951419830322,,,,,,,,,,,,,,,,,,,,,,,,,,
esm2_zero_shot_direct,F134W_D304M_R330Q,134+304+330,3,372.0,-0.7299671173095703,,,,,,,,,,,,,,,,,,,,,,,,,,
esm2_zero_shot_direct,D99R_F134W_D304M_R330A,99+134+304+330,4,296.0,-0.21577715873718262,,,,,,,,,,,,,,,,,,,,,,,,,,
esm2_zero_shot_direct,D99G_F134W_D304M_R330A,99+134+304+330,4,410.0,0.466861367225647,,,,,,,,,,,,,,,,,,,,,,,,,,
esm2_zero_shot_direct,D99V_F134W_D304M_R330A,99+134+304+330,4,391.0,-1.1540582180023193,,,,,,,,,,,,,,,,,,,,,,,,,,
esm2_zero_shot_direct,D99R_F134W_D304M_R330Q,99+134+304+330,4,255.0,-1.259385347366333,,,,,,,,,,,,,,,,,,,,,,,,,,
esm2_zero_shot_direct,D99G_F134W_D304M_R330Q,99+134+304+330,4,258.0,-0.5767468214035034,,,,,,,,,,,,,,,,,,,,,,,,,,
esm2_zero_shot_direct,D99V_F134W_D304M_R330Q,99+134+304+330,4,205.0,-2.1976664066314697,,,,,,,,,,,,,,,,,,,,,,,,,,
ridge_physical_plus_esm2_zero_shot,WT,WT,0,77.66666666666667,145.36654031762464,67.69987365095797,alpha=10.0,57.269355172702625,,,,,,,,,,,,,,,,,,,,,,,
ridge_physical_plus_esm2_zero_shot,D99G,99,1,144.0,132.04492673583707,11.955073264162934,alpha=10.0,59.11381283736572,,,,,,,,,,,,,,,,,,,,,,,
ridge_physical_plus_esm2_zero_shot,D99V,99,1,147.66666666666666,83.07308001607777,64.59358665058889,alpha=10.0,57.20134646599284,,,,,,,,,,,,,,,,,,,,,,,
ridge_physical_plus_esm2_zero_shot,D99R,99,1,194.0,117.86904486552403,76.13095513447597,alpha=10.0,56.36318221590691,,,,,,,,,,,,,,,,,,,,,,,
ridge_physical_plus_esm2_zero_shot,F134W,134,1,217.0,250.31574909089773,33.315749090897725,alpha=10.0,58.332521371168795,,,,,,,,,,,,,,,,,,,,,,,
ridge_physical_plus_esm2_zero_shot,D304M,304,1,233.5,170.38009438015337,63.119905619846634,alpha=10.0,56.46990665774871,,,,,,,,,,,,,,,,,,,,,,,
ridge_physical_plus_esm2_zero_shot,D304E,304,1,171.25,139.01002565747245,32.239974342527546,alpha=10.0,57.94817178403373,,,,,,,,,,,,,,,,,,,,,,,
ridge_physical_plus_esm2_zero_shot,D304Q,304,1,157.0,147.08251424442574,9.917485755574262,alpha=10.0,58.85896831063246,,,,,,,,,,,,,,,,,,,,,,,
ridge_physical_plus_esm2_zero_shot,D304V,304,1,131.5,177.28622061738616,45.786220617386164,alpha=10.0,57.97583358041809,,,,,,,,,,,,,,,,,,,,,,,
ridge_physical_plus_esm2_zero_shot,D304W,304,1,130.0,193.699244756727,63.69924475672701,alpha=10.0,58.291617106630824,,,,,,,,,,,,,,,,,,,,,,,
ridge_physical_plus_esm2_zero_shot,D304R,304,1,123.0,159.69757887648638,36.697578876486375,alpha=10.0,58.69795877166318,,,,,,,,,,,,,,,,,,,,,,,
ridge_physical_plus_esm2_zero_shot,D304L,304,1,137.5,185.106146996115,47.606146996115,alpha=10.0,58.11391081758382,,,,,,,,,,,,,,,,,,,,,,,
ridge_physical_plus_esm2_zero_shot,R330A,330,1,147.0,275.3104953230208,128.3104953230208,alpha=10.0,52.437513187532616,,,,,,,,,,,,,,,,,,,,,,,
ridge_physical_plus_esm2_zero_shot,R330Q,330,1,140.66666666666666,160.07823970406673,19.411573037400075,alpha=10.0,58.728437154161185,,,,,,,,,,,,,,,,,,,,,,,
ridge_physical_plus_esm2_zero_shot,F134W_D304M,134+304,2,409.6666666666667,274.6181240605087,135.04854260615798,alpha=10.0,53.2125306387176,,,,,,,,,,,,,,,,,,,,,,,
ridge_physical_plus_esm2_zero_shot,F134W_D304L,134+304,2,370.3333333333333,276.74784432518476,93.58548900814856,alpha=10.0,55.235548886670735,,,,,,,,,,,,,,,,,,,,,,,
ridge_physical_plus_esm2_zero_shot,F134W_D304I,134+304,2,341.3333333333333,269.90315080724025,71.43018252609306,alpha=10.0,55.87939972499698,,,,,,,,,,,,,,,,,,,,,,,
ridge_physical_plus_esm2_zero_shot,F134W_D304R,134+304,2,248.0,262.1436003730753,14.143600373075287,alpha=10.0,59.1797574389301,,,,,,,,,,,,,,,,,,,,,,,
ridge_physical_plus_esm2_zero_shot,F134W_D304E,134+304,2,239.66666666666666,249.94768713334054,10.28102046667388,alpha=10.0,59.03477710307905,,,,,,,,,,,,,,,,,,,,,,,
ridge_physical_plus_esm2_zero_shot,F134W_D304S,134+304,2,222.5,265.0363099763017,42.53630997630171,alpha=10.0,57.76508800912005,,,,,,,,,,,,,,,,,,,,,,,
ridge_physical_plus_esm2_zero_shot,F134W_D304V,134+304,2,202.33333333333334,286.2476630750818,83.91432974174845,alpha=10.0,57.10959261964136,,,,,,,,,,,,,,,,,,,,,,,
ridge_physical_plus_esm2_zero_shot,D99R_D304M,99+304,2,139.0,177.77045081975228,38.770450819752284,alpha=10.0,58.47561121581321,,,,,,,,,,,,,,,,,,,,,,,
ridge_physical_plus_esm2_zero_shot,D99R_F134W,99+134,2,243.0,234.8964942669485,8.103505733051492,alpha=10.0,59.112399727601215,,,,,,,,,,,,,,,,,,,,,,,
ridge_physical_plus_esm2_zero_shot,D99R_F134W_R330A,99+134+330,3,406.0,313.90054768540216,92.09945231459784,alpha=10.0,57.004920456900756,,,,,,,,,,,,,,,,,,,,,,,
ridge_physical_plus_esm2_zero_shot,D99R_F134W_D304M,99+134+304,3,248.0,280.8136580271783,32.81365802717829,alpha=10.0,58.74861763791253,,,,,,,,,,,,,,,,,,,,,,,
ridge_physical_plus_esm2_zero_shot,D99G_F134W_D304M,99+134+304,3,266.0,283.85770401957996,17.857704019579955,alpha=10.0,58.96002080285831,,,,,,,,,,,,,,,,,,,,,,,
ridge_physical_plus_esm2_zero_shot,D99V_F134W_D304M,99+134+304,3,201.0,261.7509089480527,60.75090894805271,alpha=10.0,57.9282663393733,,,,,,,,,,,,,,,,,,,,,,,
ridge_physical_plus_esm2_zero_shot,F134W_D304M_R330A,134+304+330,3,520.0,358.99558422897246,161.00441577102754,alpha=10.0,54.535541409026784,,,,,,,,,,,,,,,,,,,,,,,
ridge_physical_plus_esm2_zero_shot,F134W_D304M_R330Q,134+304+330,3,372.0,298.86613261990254,73.13386738009746,alpha=10.0,56.039239102030784,,,,,,,,,,,,,,,,,,,,,,,
ridge_physical_plus_esm2_zero_shot,D99R_F134W_D304M_R330A,99+134+304+330,4,296.0,402.8600791479205,106.86007914792049,alpha=10.0,55.09952862660933,,,,,,,,,,,,,,,,,,,,,,,
ridge_physical_plus_esm2_zero_shot,D99G_F134W_D304M_R330A,99+134+304+330,4,410.0,374.4657676909111,35.53423230908891,alpha=10.0,58.75079656275522,,,,,,,,,,,,,,,,,,,,,,,
ridge_physical_plus_esm2_zero_shot,D99V_F134W_D304M_R330A,99+134+304+330,4,391.0,336.1663277391473,54.83367226085272,alpha=10.0,58.15140501451246,,,,,,,,,,,,,,,,,,,,,,,
ridge_physical_plus_esm2_zero_shot,D99R_F134W_D304M_R330Q,99+134+304+330,4,255.0,301.6925850979458,46.69258509794582,alpha=10.0,58.44487363412661,,,,,,,,,,,,,,,,,,,,,,,
ridge_physical_plus_esm2_zero_shot,D99G_F134W_D304M_R330Q,99+134+304+330,4,258.0,307.545830271987,49.54583027198697,alpha=10.0,57.98563941774431,,,,,,,,,,,,,,,,,,,,,,,
ridge_physical_plus_esm2_zero_shot,D99V_F134W_D304M_R330Q,99+134+304+330,4,205.0,285.9913334925102,80.9913334925102,alpha=10.0,57.16631116267678,,,,,,,,,,,,,,,,,,,,,,,
random_forest_physical_fixed,WT,WT,0,77.66666666666667,153.29469305555568,75.62802638888901,pre-specified,,,,,,,,,,,,,,,,,,,,,,,,
random_forest_physical_fixed,D99G,99,1,144.0,130.695554431217,13.304445568782995,pre-specified,,,,,,,,,,,,,,,,,,,,,,,,
random_forest_physical_fixed,D99V,99,1,147.66666666666666,137.88855251322767,9.778114153438992,pre-specified,,,,,,,,,,,,,,,,,,,,,,,,
random_forest_physical_fixed,D99R,99,1,194.0,126.20255429894192,67.79744570105808,pre-specified,,,,,,,,,,,,,,,,,,,,,,,,
random_forest_physical_fixed,F134W,134,1,217.0,240.6687202380953,23.66872023809529,pre-specified,,,,,,,,,,,,,,,,,,,,,,,,
random_forest_physical_fixed,D304M,304,1,233.5,149.2262121031745,84.2737878968255,pre-specified,,,,,,,,,,,,,,,,,,,,,,,,
random_forest_physical_fixed,D304E,304,1,171.25,133.360157972583,37.88984202741699,pre-specified,,,,,,,,,,,,,,,,,,,,,,,,
random_forest_physical_fixed,D304Q,304,1,157.0,141.46802093554587,15.531979064454134,pre-specified,,,,,,,,,,,,,,,,,,,,,,,,
random_forest_physical_fixed,D304V,304,1,131.5,147.72409272486777,16.224092724867774,pre-specified,,,,,,,,,,,,,,,,,,,,,,,,
random_forest_physical_fixed,D304W,304,1,130.0,154.77501752136752,24.775017521367516,pre-specified,,,,,,,,,,,,,,,,,,,,,,,,
random_forest_physical_fixed,D304R,304,1,123.0,158.00243815628815,35.00243815628815,pre-specified,,,,,,,,,,,,,,,,,,,,,,,,
random_forest_physical_fixed,D304L,304,1,137.5,187.22435912698427,49.72435912698427,pre-specified,,,,,,,,,,,,,,,,,,,,,,,,
random_forest_physical_fixed,R330A,330,1,147.0,227.99581697931708,80.99581697931708,pre-specified,,,,,,,,,,,,,,,,,,,,,,,,
random_forest_physical_fixed,R330Q,330,1,140.66666666666666,136.9041023508899,3.762564315776757,pre-specified,,,,,,,,,,,,,,,,,,,,,,,,
random_forest_physical_fixed,F134W_D304M,134+304,2,409.6666666666667,299.86112089947073,109.80554576719595,pre-specified,,,,,,,,,,,,,,,,,,,,,,,,
random_forest_physical_fixed,F134W_D304L,134+304,2,370.3333333333333,320.6977616402118,49.635571693121506,pre-specified,,,,,,,,,,,,,,,,,,,,,,,,
random_forest_physical_fixed,F134W_D304I,134+304,2,341.3333333333333,274.16540370370393,67.16792962962938,pre-specified,,,,,,,,,,,,,,,,,,,,,,,,
random_forest_physical_fixed,F134W_D304R,134+304,2,248.0,279.80317500000024,31.803175000000238,pre-specified,,,,,,,,,,,,,,,,,,,,,,,,
random_forest_physical_fixed,F134W_D304E,134+304,2,239.66666666666666,253.33648544973568,13.669818783069019,pre-specified,,,,,,,,,,,,,,,,,,,,,,,,
random_forest_physical_fixed,F134W_D304S,134+304,2,222.5,237.56148544973573,15.061485449735727,pre-specified,,,,,,,,,,,,,,,,,,,,,,,,
random_forest_physical_fixed,F134W_D304V,134+304,2,202.33333333333334,316.34248518518524,114.0091518518519,pre-specified,,,,,,,,,,,,,,,,,,,,,,,,
random_forest_physical_fixed,D99R_D304M,99+304,2,139.0,184.80972394179898,45.80972394179898,pre-specified,,,,,,,,,,,,,,,,,,,,,,,,
random_forest_physical_fixed,D99R_F134W,99+134,2,243.0,228.78295833333326,14.217041666666745,pre-specified,,,,,,,,,,,,,,,,,,,,,,,,
random_forest_physical_fixed,D99R_F134W_R330A,99+134+330,3,406.0,322.5958428571427,83.40415714285729,pre-specified,,,,,,,,,,,,,,,,,,,,,,,,
random_forest_physical_fixed,D99R_F134W_D304M,99+134+304,3,248.0,294.1367283068786,46.13672830687858,pre-specified,,,,,,,,,,,,,,,,,,,,,,,,
random_forest_physical_fixed,D99G_F134W_D304M,99+134+304,3,266.0,329.97854576719624,63.97854576719624,pre-specified,,,,,,,,,,,,,,,,,,,,,,,,
random_forest_physical_fixed,D99V_F134W_D304M,99+134+304,3,201.0,276.11101219336194,75.11101219336194,pre-specified,,,,,,,,,,,,,,,,,,,,,,,,
random_forest_physical_fixed,F134W_D304M_R330A,134+304+330,3,520.0,373.43090555555557,146.56909444444443,pre-specified,,,,,,,,,,,,,,,,,,,,,,,,
random_forest_physical_fixed,F134W_D304M_R330Q,134+304+330,3,372.0,315.8183829365081,56.1816170634919,pre-specified,,,,,,,,,,,,,,,,,,,,,,,,
random_forest_physical_fixed,D99R_F134W_D304M_R330A,99+134+304+330,4,296.0,408.338793650794,112.338793650794,pre-specified,,,,,,,,,,,,,,,,,,,,,,,,
random_forest_physical_fixed,D99G_F134W_D304M_R330A,99+134+304+330,4,410.0,393.20513650793674,16.794863492063257,pre-specified,,,,,,,,,,,,,,,,,,,,,,,,
random_forest_physical_fixed,D99V_F134W_D304M_R330A,99+134+304+330,4,391.0,377.17953174603196,13.820468253968045,pre-specified,,,,,,,,,,,,,,,,,,,,,,,,
random_forest_physical_fixed,D99R_F134W_D304M_R330Q,99+134+304+330,4,255.0,291.7069806878307,36.70698068783071,pre-specified,,,,,,,,,,,,,,,,,,,,,,,,
random_forest_physical_fixed,D99G_F134W_D304M_R330Q,99+134+304+330,4,258.0,339.1293219576719,81.12932195767189,pre-specified,,,,,,,,,,,,,,,,,,,,,,,,
random_forest_physical_fixed,D99V_F134W_D304M_R330Q,99+134+304+330,4,205.0,285.2696729437231,80.2696729437231,pre-specified,,,,,,,,,,,,,,,,,,,,,,,,
tabicl_v2_physical,WT,WT,0,77.66666666666667,146.1164093017578,68.44974263509114,n_estimators=8,,,,,,,,,,,,,,,,,,,,,,,,
tabicl_v2_physical,D99G,99,1,144.0,165.39361572265625,21.39361572265625,n_estimators=8,,,,,,,,,,,,,,,,,,,,,,,,
tabicl_v2_physical,D99V,99,1,147.66666666666666,140.04884338378906,7.617823282877595,n_estimators=8,,,,,,,,,,,,,,,,,,,,,,,,
tabicl_v2_physical,D99R,99,1,194.0,137.28146362304688,56.718536376953125,n_estimators=8,,,,,,,,,,,,,,,,,,,,,,,,
tabicl_v2_physical,F134W,134,1,217.0,262.73046875,45.73046875,n_estimators=8,,,,,,,,,,,,,,,,,,,,,,,,
tabicl_v2_physical,D304M,304,1,233.5,135.974853515625,97.525146484375,n_estimators=8,,,,,,,,,,,,,,,,,,,,,,,,
tabicl_v2_physical,D304E,304,1,171.25,122.19932556152344,49.05067443847656,n_estimators=8,,,,,,,,,,,,,,,,,,,,,,,,
tabicl_v2_physical,D304Q,304,1,157.0,145.15798950195312,11.842010498046875,n_estimators=8,,,,,,,,,,,,,,,,,,,,,,,,
tabicl_v2_physical,D304V,304,1,131.5,132.83441162109375,1.33441162109375,n_estimators=8,,,,,,,,,,,,,,,,,,,,,,,,
tabicl_v2_physical,D304W,304,1,130.0,140.03587341308594,10.035873413085938,n_estimators=8,,,,,,,,,,,,,,,,,,,,,,,,
tabicl_v2_physical,D304R,304,1,123.0,142.99542236328125,19.99542236328125,n_estimators=8,,,,,,,,,,,,,,,,,,,,,,,,
tabicl_v2_physical,D304L,304,1,137.5,219.69107055664062,82.19107055664062,n_estimators=8,,,,,,,,,,,,,,,,,,,,,,,,
tabicl_v2_physical,R330A,330,1,147.0,237.34942626953125,90.34942626953125,n_estimators=8,,,,,,,,,,,,,,,,,,,,,,,,
tabicl_v2_physical,R330Q,330,1,140.66666666666666,115.54971313476562,25.116953531901032,n_estimators=8,,,,,,,,,,,,,,,,,,,,,,,,
tabicl_v2_physical,F134W_D304M,134+304,2,409.6666666666667,357.56378173828125,52.102884928385436,n_estimators=8,,,,,,,,,,,,,,,,,,,,,,,,
tabicl_v2_physical,F134W_D304L,134+304,2,370.3333333333333,300.1168212890625,70.21651204427081,n_estimators=8,,,,,,,,,,,,,,,,,,,,,,,,
tabicl_v2_physical,F134W_D304I,134+304,2,341.3333333333333,286.23675537109375,55.096577962239564,n_estimators=8,,,,,,,,,,,,,,,,,,,,,,,,
tabicl_v2_physical,F134W_D304R,134+304,2,248.0,242.2261962890625,5.7738037109375,n_estimators=8,,,,,,,,,,,,,,,,,,,,,,,,
tabicl_v2_physical,F134W_D304E,134+304,2,239.66666666666666,285.5577392578125,45.89107259114584,n_estimators=8,,,,,,,,,,,,,,,,,,,,,,,,
tabicl_v2_physical,F134W_D304S,134+304,2,222.5,251.89828491210938,29.398284912109375,n_estimators=8,,,,,,,,,,,,,,,,,,,,,,,,
tabicl_v2_physical,F134W_D304V,134+304,2,202.33333333333334,274.4916687011719,72.15833536783853,n_estimators=8,,,,,,,,,,,,,,,,,,,,,,,,
tabicl_v2_physical,D99R_D304M,99+304,2,139.0,209.87057495117188,70.87057495117188,n_estimators=8,,,,,,,,,,,,,,,,,,,,,,,,
tabicl_v2_physical,D99R_F134W,99+134,2,243.0,322.17333984375,79.17333984375,n_estimators=8,,,,,,,,,,,,,,,,,,,,,,,,
tabicl_v2_physical,D99R_F134W_R330A,99+134+330,3,406.0,272.248779296875,133.751220703125,n_estimators=8,,,,,,,,,,,,,,,,,,,,,,,,
tabicl_v2_physical,D99R_F134W_D304M,99+134+304,3,248.0,259.49945068359375,11.49945068359375,n_estimators=8,,,,,,,,,,,,,,,,,,,,,,,,
tabicl_v2_physical,D99G_F134W_D304M,99+134+304,3,266.0,254.92388916015625,11.07611083984375,n_estimators=8,,,,,,,,,,,,,,,,,,,,,,,,
tabicl_v2_physical,D99V_F134W_D304M,99+134+304,3,201.0,250.0923309326172,49.09233093261719,n_estimators=8,,,,,,,,,,,,,,,,,,,,,,,,
tabicl_v2_physical,F134W_D304M_R330A,134+304+330,3,520.0,391.73016357421875,128.26983642578125,n_estimators=8,,,,,,,,,,,,,,,,,,,,,,,,
tabicl_v2_physical,F134W_D304M_R330Q,134+304+330,3,372.0,382.0912170410156,10.091217041015625,n_estimators=8,,,,,,,,,,,,,,,,,,,,,,,,
tabicl_v2_physical,D99R_F134W_D304M_R330A,99+134+304+330,4,296.0,432.245361328125,136.245361328125,n_estimators=8,,,,,,,,,,,,,,,,,,,,,,,,
tabicl_v2_physical,D99G_F134W_D304M_R330A,99+134+304+330,4,410.0,360.89569091796875,49.10430908203125,n_estimators=8,,,,,,,,,,,,,,,,,,,,,,,,
tabicl_v2_physical,D99V_F134W_D304M_R330A,99+134+304+330,4,391.0,288.0827331542969,102.91726684570312,n_estimators=8,,,,,,,,,,,,,,,,,,,,,,,,
tabicl_v2_physical,D99R_F134W_D304M_R330Q,99+134+304+330,4,255.0,251.74700927734375,3.25299072265625,n_estimators=8,,,,,,,,,,,,,,,,,,,,,,,,
tabicl_v2_physical,D99G_F134W_D304M_R330Q,99+134+304+330,4,258.0,262.759033203125,4.759033203125,n_estimators=8,,,,,,,,,,,,,,,,,,,,,,,,
tabicl_v2_physical,D99V_F134W_D304M_R330Q,99+134+304+330,4,205.0,253.24508666992188,48.245086669921875,n_estimators=8,,,,,,,,,,,,,,,,,,,,,,,,
gp_hardened_physical_epistatic_with_esm2_zero_shot_prior,WT,WT,0,77.66666666666667,119.7508508749909,42.08418420832423,,,28.470682840050088,44.18097574122509,physical,epistatic,1.979750750232978,0.7785979876411101,0.0009904965376543202,-0.2370076639634099,-0.01843549811407544,0.39328081454167113,0.6135957030503891,0.7830096882993332,0.33384720887085173,36.51292707377813,True,,,,,,,,
gp_hardened_physical_epistatic_with_esm2_zero_shot_prior,D99G,99,1,144.0,152.90663249644422,8.906632496444217,,,68.05534881789833,74.89735582923919,physical,epistatic,1.8347927261372974,0.6997353460739704,5.806199441183536e-16,-0.14460346270386323,-0.01564467257305747,0.3813702420474983,0.5391410066195673,0.8109960755891674,0.30150836403973474,35.35786392384537,True,,,,,,,,
gp_hardened_physical_epistatic_with_esm2_zero_shot_prior,D99V,99,1,147.66666666666666,119.17772571286369,28.488940953802967,,,68.3920751549082,75.09957125371356,physical,epistatic,1.8347927261372974,0.6999985781148467,-3.792539205106172e-16,-0.17806419641070315,-0.00956350381457842,0.38151370895639025,0.5649975778388358,0.8058528556195836,0.2988023039310171,35.27227679556794,True,,,,,,,,
gp_hardened_physical_epistatic_with_esm2_zero_shot_prior,D99R,99,1,194.0,178.3579915847888,15.642008415211194,,,44.65795165837888,55.60978903702799,physical,epistatic,1.979750750232978,0.7205181598780849,0.0012482914712315496,-0.1400906899552622,-0.01747773394058245,0.36394387515362425,0.5608333163294638,0.7716564056046259,0.31633503832063825,35.45288610466583,True,,,,,,,,
gp_hardened_physical_epistatic_with_esm2_zero_shot_prior,F134W,134,1,217.0,234.0490855524066,17.04908555240661,,,35.405894930865244,48.50411013190383,physical,epistatic,1.979750750232978,0.7105901533672836,0.0012953000785233908,-0.1378320270316191,-0.016618539777793154,0.3589290991725403,0.5517317322070405,0.7677356971325043,0.3157845413471247,35.50409934540954,True,,,,,,,,
gp_hardened_physical_epistatic_with_esm2_zero_shot_prior,D304M,304,1,233.5,185.64425419401906,47.855745805980945,,,27.196800849144758,40.01465286877554,physical,epistatic,1.979750750232978,0.6772082236029258,0.001015950551370384,-0.13095883081537732,-0.030160739641545243,0.34206741607408486,0.4990474825995929,0.8036880472904787,0.27939557559527095,35.033444651806946,True,,,,,,,,
gp_hardened_physical_epistatic_with_esm2_zero_shot_prior,D304E,304,1,171.25,126.78982150880319,44.460178491196814,,,25.5627029404412,40.94416395908341,physical,epistatic,1.979750750232978,0.7523783927250347,-5.676640824627562e-16,-0.12638572273631704,0.007076985819413006,0.3800369276973348,0.5492823120162947,0.7887900171672297,0.3064230664460973,35.354366978626224,True,,,,,,,,
gp_hardened_physical_epistatic_with_esm2_zero_shot_prior,D304Q,304,1,157.0,142.9513949402981,14.048605059701913,,,30.81848673184761,45.4132947063606,physical,epistatic,1.979750750232978,0.7287223153943664,1.338023995029548e-16,-0.14915260280147805,-0.026976449015033575,0.36808790970712346,0.557543311912253,0.7777728421097923,0.32052604499210424,35.885460840627985,True,,,,,,,,
gp_hardened_physical_epistatic_with_esm2_zero_shot_prior,D304V,304,1,131.5,82.36326228367386,49.13673771632614,,,44.148126302756005,52.0681769751225,physical,epistatic,1.979750750232978,0.6664181634198678,-2.998696157246949e-16,-0.17578811889250248,-0.02826988606779474,0.3366172046362116,0.55408825235565,0.8457020374683372,0.2670948230243239,35.6708890998613,True,,,,,,,,
gp_hardened_physical_epistatic_with_esm2_zero_shot_prior,D304W,304,1,130.0,164.25219405667985,34.252194056679855,,,73.6981360930402,79.99558239999455,physical,epistatic,1.979750750232978,0.7185801333710149,-3.4892752761836146e-16,-0.12923706482917147,-0.04675557938689165,0.3629649506567693,0.544785160309021,0.821039001314744,0.30115427944028283,35.53292265485859,True,,,,,,,,
gp_hardened_physical_epistatic_with_esm2_zero_shot_prior,D304R,304,1,123.0,160.9933589109666,37.993358910966606,,,51.79667752251103,60.45493544679511,physical,epistatic,1.979750750232978,0.718363193564788,-4.2579355114761504e-16,-0.13901004836202865,-0.012252544552837509,0.3628553713038122,0.5202168326167177,0.8229266688929472,0.3024616623858004,35.76413807926054,True,,,,,,,,
gp_hardened_physical_epistatic_with_esm2_zero_shot_prior,D304L,304,1,137.5,214.82471633947176,77.32471633947176,,,19.987102719216786,28.942371135489303,physical,epistatic,1.979750750232978,0.6590475763630174,-4.249484558205414e-16,-0.16011221094090478,0.019867636593215707,0.3328942172571271,0.5032706884127328,0.8680361821073339,0.20217378899116442,33.88918055751587,True,,,,,,,,
gp_hardened_physical_epistatic_with_esm2_zero_shot_prior,R330A,330,1,147.0,284.83984982596854,137.83984982596854,,,65.15190838420142,72.33403125241142,physical,epistatic,1.8347927261372974,0.886333358321935,-3.4667466791666304e-16,-0.006670110492856826,0.024025019365367623,0.4830700196789481,0.703963367245962,0.7763511620490371,0.3027061476430193,33.983926388600956,True,,,,,,,,
gp_hardened_physical_epistatic_with_esm2_zero_shot_prior,R330Q,330,1,140.66666666666666,119.81480731864194,20.851859348024718,,,64.14266958318514,71.1951075701724,physical,epistatic,1.979750750232978,0.6958246217052136,3.664603341734214e-17,-0.17222479186009226,-0.013099750089618242,0.3514708210734754,0.5520048879589127,0.8125092639341123,0.29811806743371533,35.56919835928182,True,,,,,,,,
gp_hardened_physical_epistatic_with_esm2_zero_shot_prior,F134W_D304M,134+304,2,409.6666666666667,343.52114219287114,66.14552447379555,,,21.892440460574704,40.34716497176462,physical,epistatic,1.979750750232978,0.7636693882776191,0.0005552546593608126,-0.0667967968615693,-0.0438855626127449,0.3857401686488817,0.5991238133314295,0.7469828169406537,0.33615758998840634,35.94261177881322,True,,,,,,,,
gp_hardened_physical_epistatic_with_esm2_zero_shot_prior,F134W_D304L,134+304,2,370.3333333333333,332.027587469374,38.30574586395932,,,18.927686693994147,38.110921241145824,physical,epistatic,1.979750750232978,0.7293200140460054,1.1831814961615787e-16,-0.08099412930074137,-0.038689615548964496,0.36838981571805374,0.5726192302176851,0.7746278554217185,0.3224731960682655,36.10385248049717,True,,,,,,,,
gp_hardened_physical_epistatic_with_esm2_zero_shot_prior,F134W_D304I,134+304,2,341.3333333333333,338.7278357425064,2.6054975908269284,,,20.522125885877575,39.29169217384582,physical,epistatic,1.979750750232978,0.7179176786500878,-8.119314843201793e-17,-0.09712403078380477,-0.01010086225739771,0.36263033544278384,0.5572562037956399,0.7768811825739736,0.3235295037112003,36.24338416480465,True,,,,,,,,
gp_hardened_physical_epistatic_with_esm2_zero_shot_prior,F134W_D304R,134+304,2,248.0,237.95172691239785,10.048273087602155,,,53.2723559520271,61.90205392234576,physical,epistatic,1.979750750232978,0.7009537732563519,2.316751792161546e-16,-0.1287937159689462,-0.015372650340631793,0.35406162779524813,0.531196873952234,0.7976084096110225,0.30011049757845887,35.25885206461496,True,,,,,,,,
gp_hardened_physical_epistatic_with_esm2_zero_shot_prior,F134W_D304E,134+304,2,239.66666666666666,268.65032790074304,28.98366123407638,,,38.61822440856945,49.69890141986666,physical,epistatic,1.979750750232978,0.6748644349681076,6.830330649375678e-17,-0.11637216136665092,-0.025224638298761586,0.34088353540903527,0.5432632743772144,0.7826406068912239,0.2977636573836932,35.33543393522431,True,,,,,,,,
gp_hardened_physical_epistatic_with_esm2_zero_shot_prior,F134W_D304S,134+304,2,222.5,242.1166292233738,19.616629223373792,,,68.32753664532255,75.07862376696082,physical,epistatic,1.979750750232978,0.6784875634854677,-3.317658648033198e-16,-0.11397990859504534,-0.006056383244886855,0.34271362867554056,0.541175439893599,0.792864334670104,0.2962897903797965,35.059855143983015,True,,,,,,,,
gp_hardened_physical_epistatic_with_esm2_zero_shot_prior,F134W_D304V,134+304,2,202.33333333333334,298.8861968449594,96.55286351162604,,,36.46146748381226,48.475002778820915,physical,epistatic,1.979750750232978,0.9028202842311708,2.555243970931563e-16,-0.09096598140940758,0.002490396167352134,0.4560272469273854,0.5659437498838462,0.7997248512558047,0.30464191122324785,33.93266835976436,True,,,,,,,,
gp_hardened_physical_epistatic_with_esm2_zero_shot_prior,D99R_D304M,99+304,2,139.0,156.07256933585384,17.072569335853842,,,47.519810224767845,57.7517643945938,physical,epistatic,1.979750750232978,0.709966122782071,0.0013552066327943005,-0.13904430626240447,-0.014168750301555762,0.35861389253092685,0.5445991972989543,0.7870105174797384,0.31684600278363245,35.797197935024805,True,,,,,,,,
gp_hardened_physical_epistatic_with_esm2_zero_shot_prior,D99R_F134W,99+134,2,243.0,264.1959364283596,21.195936428359573,,,42.86051508431017,53.43749959569126,physical,epistatic,1.979750750232978,0.7134097016369251,0.0013452862488973387,-0.11551164837957589,-0.019684556868872116,0.3603532927329214,0.5320359346808219,0.7932749256222293,0.3037816073234394,35.35552742798755,True,,,,,,,,
gp_hardened_physical_epistatic_with_esm2_zero_shot_prior,D99R_F134W_R330A,99+134+330,3,406.0,248.30868797236926,157.69131202763074,,,55.78677624091218,62.048322475606525,physical,epistatic,1.979750750232978,0.7298209825325617,2.363557968587791e-17,-0.18169317009181982,0.029235526630104383,0.36864286195960577,0.49528768596441397,0.8107394397994567,0.26892961802938753,33.712669588158484,True,,,,,,,,
gp_hardened_physical_epistatic_with_esm2_zero_shot_prior,D99R_F134W_D304M,99+134+304,3,248.0,232.142657173604,15.857342826396007,,,34.33871820325161,47.06862559805086,physical,epistatic,1.979750750232978,0.7090889941957791,0.00134545629754867,-0.11766757855847194,-0.017738381036859267,0.35817084252264236,0.5340441456700797,0.787413949523689,0.3064430706359758,35.50827009079961,True,,,,,,,,
gp_hardened_physical_epistatic_with_esm2_zero_shot_prior,D99G_F134W_D304M,99+134+304,3,266.0,273.2722376432318,7.27223764323179,,,44.26827429358108,54.484545989013306,physical,epistatic,1.7405413845240538,0.6773617006352415,-1.5802909745870914e-16,-0.11633485597973273,-0.016211403733155258,0.3891672479942005,0.5239927345824832,0.7882975951774928,0.30261746419753355,35.1798646416067,True,,,,,,,,
gp_hardened_physical_epistatic_with_esm2_zero_shot_prior,D99V_F134W_D304M,99+134+304,3,201.0,257.37601719176274,56.37601719176274,,,43.91131079480064,53.368750592488276,physical,epistatic,1.7405413845240538,0.6237401489125884,4.95697194369135e-16,-0.1336098527159167,-0.01609281411857582,0.3583598496758228,0.5061335299932789,0.7767595231112094,0.28931221901610965,34.705835749880286,True,,,,,,,,
gp_hardened_physical_epistatic_with_esm2_zero_shot_prior,F134W_D304M_R330A,134+304+330,3,520.0,428.23385779081184,91.76614220918816,,,44.5970187892655,55.39759657005742,physical,epistatic,1.7405413845240538,0.7524542179652399,-3.2876959206490267e-16,-0.06608776525673364,-0.03352612906262493,0.43231044355259407,0.5855821538847185,0.8307214189945014,0.3531125034376224,38.00662864945626,True,,,,,,,,
gp_hardened_physical_epistatic_with_esm2_zero_shot_prior,F134W_D304M_R330Q,134+304+330,3,372.0,372.67563227047094,0.6756322704709419,,,42.49763741303436,53.19408655230293,physical,epistatic,1.979750750232978,0.6986871095239805,1.181780367880401e-16,-0.08897851051171361,-0.01713831585448588,0.3529167040051676,0.5410012318350828,0.8089204798499403,0.3120892959839267,36.275134640384614,True,,,,,,,,
gp_hardened_physical_epistatic_with_esm2_zero_shot_prior,D99R_F134W_D304M_R330A,99+134+304+330,4,296.0,425.48292678513434,129.48292678513434,,,39.55324722468162,47.12526736329487,physical,epistatic,1.979750750232978,0.7088426789728319,-2.818925677966405e-17,-0.09526085066548218,0.010785586707637327,0.3580464252327799,0.6019129492445607,0.7538166855569766,0.24491321973241958,32.40508911615301,True,,,,,,,,
gp_hardened_physical_epistatic_with_esm2_zero_shot_prior,D99G_F134W_D304M_R330A,99+134+304+330,4,410.0,368.1958606083435,41.80413939165652,,,52.40804297611223,61.00144719570119,physical,epistatic,1.6851495901680713,0.6672595199193779,-2.136009644181906e-16,-0.1047406071970826,-0.0292832368084022,0.39596456232281885,0.5168181291544719,0.8213843852500409,0.3096965320483059,36.156588995767585,True,,,,,,,,
gp_hardened_physical_epistatic_with_esm2_zero_shot_prior,D99V_F134W_D304M_R330A,99+134+304+330,4,391.0,318.10018805708023,72.89981194291977,,,51.77619708816963,59.72708644413508,physical,epistatic,1.6851495901680713,0.6426223177739377,-9.803204215073318e-17,-0.12862258935566862,-0.00492618330386073,0.3813443753143866,0.5065542938792614,0.8109167195667677,0.29272975437064264,35.37041532027265,True,,,,,,,,
gp_hardened_physical_epistatic_with_esm2_zero_shot_prior,D99R_F134W_D304M_R330Q,99+134+304+330,4,255.0,222.30725393869403,32.69274606130597,,,47.718437634476345,56.643547875802255,physical,epistatic,1.979750750232978,0.6794649898226368,1.033868518388301e-16,-0.1310933102708387,-0.013156849057439725,0.3432073404910578,0.5201168976105875,0.8037712505791575,0.2905897855635532,35.22674442054384,True,,,,,,,,
gp_hardened_physical_epistatic_with_esm2_zero_shot_prior,D99G_F134W_D304M_R330Q,99+134+304+330,4,258.0,277.2799636096566,19.27996360965659,,,47.87448557169502,57.64847602799503,physical,epistatic,1.979750750232978,0.7054239411920762,-1.3528509425973684e-16,-0.10982514803010539,-0.016975106636479245,0.3563195726073404,0.5382662441710055,0.7868670930993221,0.30582380754895144,35.31803167114748,True,,,,,,,,
gp_hardened_physical_epistatic_with_esm2_zero_shot_prior,D99V_F134W_D304M_R330Q,99+134+304+330,4,205.0,247.58142735774186,42.58142735774186,,,47.50406214884684,57.563378889174544,physical,epistatic,1.979750750232978,0.6896682002838301,-3.5382556320919235e-16,-0.1171252014019389,-0.029699298119738572,0.34836112586529877,0.5387817764912224,0.7663426048685456,0.3099631113417223,35.15732939405503,True,,,,,,,,
gp_hardened_physical_epistatic,WT,WT,0,77.66666666666667,107.59920165816683,29.93253499150016,,43.3771575586223,54.26187104557793,74.71368742356813,,,1.6851495901680715,0.8425747950840358,0.0045702051034678,,,,,,,,,,physical,epistatic,,0.5,0.5,2.0,0.5
gp_hardened_physical_epistatic,D99G,99,1,144.0,157.79302863910527,13.793028639105271,,42.076176221332936,152.19796146491197,161.0450576244047,,,1.6851495901680715,0.8425747950840358,-2.7911968254689004e-16,,,,,,,,,D99G,physical,epistatic,,0.5,0.5,2.0,0.5
gp_hardened_physical_epistatic,D99V,99,1,147.66666666666666,129.25861550942653,18.408051157240124,,41.80426248195346,153.9857307863182,162.75218747770413,,,1.6851495901680715,0.8425747950840358,9.022637862022523e-17,,,,,,,,,D99V,physical,epistatic,,0.5,0.5,2.0,0.5
gp_hardened_physical_epistatic,D99R,99,1,194.0,198.7677083337062,4.767708333706196,,43.42296302445765,87.73490525175572,102.58643270605536,,,1.6851495901680715,0.8425747950840358,0.0045373039255103,,,,,,,,,D99R,physical,epistatic,,0.5,0.5,2.0,0.5
gp_hardened_physical_epistatic,F134W,134,1,217.0,223.92920675422693,6.9292067542269535,,43.03777897421519,65.95667785974904,84.78901460771584,,,1.6851495901680715,0.8425747950840358,0.0045432491223345,,,,,,,,,F134W,physical,epistatic,,0.5,0.5,2.0,0.5
gp_hardened_physical_epistatic,D304M,304,1,233.5,185.87979235350105,47.62020764649896,,42.0382872833674,51.3704286448444,74.03768002443046,,,1.6851495901680715,0.8425747950840358,0.0026508258857386,,,,,,,,,D304M,physical,epistatic,,0.5,0.5,2.0,0.5
gp_hardened_physical_epistatic,D304E,304,1,171.25,127.33264581625632,43.91735418374367,,41.61368416695275,46.58926851807715,70.54649976369116,,,1.6851495901680715,0.8425747950840358,6.724221873754405e-16,,,,,,,,,D304E,physical,epistatic,,0.5,0.5,2.0,0.5
gp_hardened_physical_epistatic,D304Q,304,1,157.0,149.6389481583459,7.361051841654103,,43.003091060825895,55.87931017313352,76.88894661450594,,,1.6851495901680715,0.8425747950840358,-1.3271463126848368e-17,,,,,,,,,D304Q,physical,epistatic,,0.5,0.5,2.0,0.5
gp_hardened_physical_epistatic,D304V,304,1,131.5,28.17197342495919,103.3280265750408,,39.10831034834054,141.04969996936893,150.48720367706474,,,1.6851495901680715,0.8425747950840358,1.3253930423214615e-16,,,,,,,,,D304V,physical,epistatic,,0.5,0.5,4.0,0.5
gp_hardened_physical_epistatic,D304W,304,1,130.0,166.2087405857204,36.20874058572039,,41.237521439283945,163.10134523384974,171.32097476923775,,,1.6851495901680715,0.8425747950840358,1.213572186727235e-15,,,,,,,,,D304W,physical,epistatic,,0.5,0.5,2.0,0.5
gp_hardened_physical_epistatic,D304R,304,1,123.0,177.25304936671682,54.25304936671682,,40.39820334696138,106.26479869921636,118.44263111232236,,,1.6851495901680715,0.8425747950840358,-1.2046392445271701e-15,,,,,,,,,D304R,physical,epistatic,,0.5,0.5,2.0,0.5
gp_hardened_physical_epistatic,D304L,304,1,137.5,213.1087681277536,75.60876812775356,,38.57995693253925,41.48413993329896,66.94905272281422,,,1.6851495901680715,0.8425747950840358,-1.3619849449697914e-15,,,,,,,,,D304L,physical,epistatic,,0.5,0.5,2.0,0.5
gp_hardened_physical_epistatic,R330A,330,1,147.0,268.43947834964905,121.43947834964904,,36.13874605034769,142.68042438265493,152.09671429717602,,,1.6851495901680715,0.8425747950840358,3.870074770163762e-16,,,,,,,,,R330A,physical,epistatic,,0.5,0.5,2.0,0.5
gp_hardened_physical_epistatic,R330Q,330,1,140.66666666666666,115.28853526719756,25.378131399469098,,41.20413689001551,132.8453051258362,142.87790251710948,,,1.6851495901680715,0.8425747950840358,3.912055067860461e-16,,,,,,,,,R330Q,physical,epistatic,,0.5,0.5,2.0,0.5
gp_hardened_physical_epistatic,F134W_D304M,134+304,2,409.6666666666667,366.7254018342961,42.94126483237056,,42.256000988626,39.24109351079108,64.48261381683294,,,1.6851495901680715,0.8425747950840358,0.0026196282427842,,,,,,,,,F134W;D304M,physical,epistatic,,0.5,0.5,2.0,0.5
gp_hardened_physical_epistatic,F134W_D304L,134+304,2,370.3333333333333,341.476958266546,28.856375066787336,,41.85401870705169,31.686267880233043,60.94476373021429,,,1.6851495901680715,0.8425747950840358,7.216130340692259e-16,,,,,,,,,F134W;D304L,physical,epistatic,,0.5,0.5,2.0,0.5
gp_hardened_physical_epistatic,F134W_D304I,134+304,2,341.3333333333333,346.32321606114584,4.989882727812528,,42.67206769135413,34.07143240763656,62.6383082297502,,,1.6851495901680715,0.8425747950840358,1.8877082495971438e-17,,,,,,,,,F134W;D304I,physical,epistatic,,0.5,0.5,2.0,0.5
gp_hardened_physical_epistatic,F134W_D304R,134+304,2,248.0,230.3235154925825,17.676484507417484,,42.14210578437701,113.47823132616112,125.37849875918732,,,1.6851495901680715,0.8425747950840358,3.363427439520164e-16,,,,,,,,,F134W;D304R,physical,epistatic,,0.5,0.5,2.0,0.5
gp_hardened_physical_epistatic,F134W_D304E,134+304,2,239.66666666666663,265.1167880915161,25.45012142484947,,41.65487288464581,70.44482627825737,88.34844174945344,,,1.6851495901680715,0.8425747950840358,-8.462802035025473e-16,,,,,,,,,F134W;D304E,physical,epistatic,,0.5,0.5,2.0,0.5
gp_hardened_physical_epistatic,F134W_D304S,134+304,2,222.5,219.9897531011129,2.510246898887061,,42.31697879348601,143.5484122986724,153.123370601982,,,1.6851495901680715,0.8425747950840358,-1.722060531634017e-15,,,,,,,,,F134W;D304S,physical,epistatic,,0.5,0.5,2.0,0.5
gp_hardened_physical_epistatic,F134W_D304V,134+304,2,202.33333333333331,292.18506575634115,89.8517324230078,,39.17484365377079,80.4519453608234,96.4598311499388,,,1.6851495901680715,0.8425747950840358,-4.436638861477846e-16,,,,,,,,,F134W;D304V,physical,epistatic,,0.5,0.5,2.0,0.5
gp_hardened_physical_epistatic,D99R_D304M,99+304,2,139.0,144.95324289967198,5.953242899671977,,43.04556911562662,91.43893454387812,105.47368443069035,,,1.6851495901680715,0.8425747950840358,0.0045286045152999,,,,,,,,,D99R;D304M,physical,epistatic,,0.5,0.5,2.0,0.5
gp_hardened_physical_epistatic,D99R_F134W,99+134,2,243.0,267.88271936475144,24.88271936475144,,42.6749036524479,85.3416830670214,100.62852775198488,,,1.6851495901680715,0.8425747950840358,0.004517900601753,,,,,,,,,D99R;F134W,physical,epistatic,,0.5,0.5,2.0,0.5
gp_hardened_physical_epistatic,D99R_F134W_R330A,99+134+330,3,406.0,241.46274688833927,164.53725311166068,,32.94228311237246,124.80656307755106,134.92378507987883,,,1.6851495901680715,0.8425747950840358,-2.7511957385393106e-15,,,,,,,,,D99R;F134W;R330A,physical,epistatic,,0.5,0.5,2.0,0.5
gp_hardened_physical_epistatic,D99R_F134W_D304M,99+134+304,3,248.0,229.60198347431657,18.39801652568343,,42.6549089525861,67.65888983252418,86.14049186975568,,,1.6851495901680715,0.8425747950840358,0.0044910375060868,,,,,,,,,D99R;F134W;D304M,physical,epistatic,,0.5,0.5,2.0,0.5
gp_hardened_physical_epistatic,D99G_F134W_D304M,99+134+304,3,266.0,273.97818905740536,7.978189057405359,,42.98245442115031,94.72877513476504,108.67930644628932,,,1.6851495901680715,0.8425747950840358,-1.691444741430514e-15,,,,,,,,,D99G;F134W;D304M,physical,epistatic,,0.5,0.5,2.0,0.5
gp_hardened_physical_epistatic,D99V_F134W_D304M,99+134+304,3,201.0,248.58634518204445,47.58634518204445,,41.81879225087761,95.49101870180787,109.31479132561591,,,1.6851495901680715,0.8425747950840358,-8.740661156113543e-16,,,,,,,,,D99V;F134W;D304M,physical,epistatic,,0.5,0.5,2.0,0.5
gp_hardened_physical_epistatic,F134W_D304M_R330A,134+304+330,3,520.0,431.96254328642215,88.03745671357785,,39.72800404682442,91.45996590758736,102.93658186265172,,,1.6851495901680715,0.8425747950840358,-1.470447371758736e-15,,,,,,,,,F134W;D304M;R330A,physical,epistatic,,0.5,0.5,2.0,0.5
gp_hardened_physical_epistatic,F134W_D304M_R330Q,134+304+330,3,372.0,388.432862245386,16.43286224538599,,41.95874284819261,86.8080192167011,101.20505849059532,,,1.6851495901680715,0.8425747950840358,-2.136602209601946e-15,,,,,,,,,F134W;D304M;R330Q,physical,epistatic,,0.5,0.5,2.0,0.5
gp_hardened_physical_epistatic,D99R_F134W_D304M_R330A,99+134+304+330,4,296.0,426.4309037653495,130.43090376534946,,29.706491848105934,95.3303578221612,109.11592182303396,,,1.6851495901680715,0.8425747950840358,8.023389175279392e-16,,,,,,,,,D99R;F134W;D304M;R330A,physical,epistatic,,0.5,0.5,2.0,0.5
gp_hardened_physical_epistatic,D99G_F134W_D304M_R330A,99+134+304+330,4,410.0,372.5266106058582,37.473389394141805,,42.3593205798583,118.37313009173496,128.95525721930397,,,1.6851495901680715,0.8425747950840358,-1.1384359577250085e-15,,,,,,,,,D99G;F134W;D304M;R330A,physical,epistatic,,0.5,0.5,2.0,0.5
gp_hardened_physical_epistatic,D99V_F134W_D304M_R330A,99+134+304+330,4,391.0,317.7113161918909,73.28868380810911,,40.33321593002975,120.63652043808794,131.21749654251167,,,1.6851495901680715,0.8425747950840358,-1.875834951413007e-15,,,,,,,,,D99V;F134W;D304M;R330A,physical,epistatic,,0.5,0.5,2.0,0.5
gp_hardened_physical_epistatic,D99R_F134W_D304M_R330Q,99+134+304+330,4,255.0,220.06890210262344,34.93109789737656,,40.72029903420145,101.3437719263316,114.50654883699642,,,1.6851495901680715,0.8425747950840358,-9.104172698881965e-16,,,,,,,,,D99R;F134W;D304M;R330Q,physical,epistatic,,0.5,0.5,2.0,0.5
gp_hardened_physical_epistatic,D99G_F134W_D304M_R330Q,99+134+304+330,4,258.0,271.3122009380514,13.312200938051376,,42.709214941523946,103.13246354047295,116.08926173756126,,,1.6851495901680715,0.8425747950840358,-1.0071768735825604e-15,,,,,,,,,D99G;F134W;D304M;R330Q,physical,epistatic,,0.5,0.5,2.0,0.5
gp_hardened_physical_epistatic,D99V_F134W_D304M_R330Q,99+134+304+330,4,205.0,230.2526234497074,25.252623449707382,,43.32615827527837,103.94330916292748,116.78056762426,,,1.6851495901680715,0.8425747950840358,-7.93211983572606e-16,,,,,,,,,D99V;F134W;D304M;R330Q,physical,epistatic,,0.5,0.5,2.0,0.5
