variant_id,esm2_zero_shot
WT,0.0
D99G,0.394376277923584
D99V,-1.0818991661071777
D99R,-0.2229156494140625
F134W,-1.6134142875671387
D304M,1.2718234062194824
D304E,-0.12870025634765625
D304Q,0.6128458976745605
D304V,1.0098884105682373
D304W,-1.6268281936645508
D304R,0.29332399368286133
D304L,1.3515572547912598
R330A,0.589996337890625
R330Q,-0.4495265483856201
F134W_D304M,-0.37397050857543945
F134W_D304L,-0.30857038497924805
F134W_D304I,-1.5158584117889404
F134W_D304R,-1.351405143737793
F134W_D304E,-1.754098892211914
F134W_D304S,0.028088808059692383
F134W_D304V,-0.6432240009307861
D99R_D304M,0.8640272617340088
D99R_F134W,-1.88008451461792
D99R_F134W_R330A,-1.374438762664795
D99R_F134W_D304M,-0.8187360763549805
D99G_F134W_D304M,-0.1622229814529419
D99V_F134W_D304M,-1.7542459964752197
F134W_D304M_R330A,0.2939951419830322
F134W_D304M_R330Q,-0.7299671173095703
D99R_F134W_D304M_R330A,-0.21577715873718262
D99G_F134W_D304M_R330A,0.466861367225647
D99V_F134W_D304M_R330A,-1.1540582180023193
D99R_F134W_D304M_R330Q,-1.259385347366333
D99G_F134W_D304M_R330Q,-0.5767468214035034
D99V_F134W_D304M_R330Q,-2.1976664066314697
