model,variant_id,mutation_signature,mutation_order,observed,predicted,predicted_std_latent,predicted_std_observed,abs_error,descriptor_set,model_family,training_distance_scale,resolved_lengthscale,min_train_kernel_eigenvalue,zero_shot_intercept_scaled,zero_shot_slope_scaled,fitted_lengthscale_multiplier,fitted_sigma_main,fitted_sigma_epi,fitted_sigma_noise,regularized_neg_log_marginal_likelihood,optimizer_success
gp_hardened_physical_epistatic_with_esm2_zero_shot_prior,WT,WT,0,77.66666666666667,124.57611125611112,25.53840294186006,39.49084999147836,46.90944458944445,physical,epistatic,1.979750750232978,0.9522416540672257,0.0005112858217023054,-0.1592626488474302,-0.306062626016006,0.48099067721285893,0.5127775111487543,0.8487758990517619,0.2976544747613875,34.4836288873978,True
gp_hardened_physical_epistatic_with_esm2_zero_shot_prior,D99G,99,1,144.0,123.0398536364752,67.65547907617675,73.4788060255413,20.9601463635248,physical,epistatic,1.8347927261372974,0.8748520735189395,-5.145525928605103e-17,-0.0872173797786134,-0.2784082021164567,0.47681248189855446,0.480407620447758,0.8538854144146905,0.276384236454916,33.51588817648465,True
gp_hardened_physical_epistatic_with_esm2_zero_shot_prior,D99V,99,1,147.66666666666666,114.03702305145231,68.66488090828382,74.29332102622652,33.62964361521435,physical,epistatic,1.8347927261372974,0.8672490522368986,-1.4517949160869556e-16,-0.1107528543127558,-0.28376744526202563,0.47266867798341294,0.49798737225959727,0.8495559083386117,0.2732052128847259,33.42175396146187,True
gp_hardened_physical_epistatic_with_esm2_zero_shot_prior,D99R,99,1,194.0,171.7336698311331,42.710367437892636,52.79430438208689,22.266330168866887,physical,epistatic,1.979750750232978,0.9072451410118666,0.0005700423745536944,-0.06068048982903689,-0.28674551696612705,0.45826230443660726,0.4938300214798633,0.8124213703496244,0.29624467974883845,33.604782088712454,True
gp_hardened_physical_epistatic_with_esm2_zero_shot_prior,F134W,134,1,217.0,238.051172963476,30.993299394758484,43.963419091783265,21.051172963476006,physical,epistatic,1.979750750232978,0.8938232491860024,0.0005964187997134111,-0.0738657754128047,-0.2850441982368491,0.45148271775162446,0.48616464232190054,0.8040798113765627,0.29699915003383653,33.700540592918394,True
gp_hardened_physical_epistatic_with_esm2_zero_shot_prior,D304M,304,1,233.5,217.51581011151856,25.997040053802408,40.03405805051513,15.984189888481438,physical,epistatic,1.979750750232978,0.8638986467883181,0.00039866950559755193,-0.06654120280377154,-0.2604092557276571,0.4363673794222096,0.47609981045451627,0.8088916128658914,0.2898023758539392,33.807445213067695,True
gp_hardened_physical_epistatic_with_esm2_zero_shot_prior,D304E,304,1,171.25,119.02655274167803,21.319350843973922,34.221644361295546,52.22344725832197,physical,epistatic,1.979750750232978,0.9110784170677432,-1.2992532210321911e-16,-0.04190454902825307,-0.3026445694694212,0.46019854618594136,0.4606315159919629,0.8556312397348205,0.2564659435364099,33.13173202273461,True
gp_hardened_physical_epistatic_with_esm2_zero_shot_prior,D304Q,304,1,157.0,161.54722289579894,27.1047854350866,40.561834457195125,4.547222895798939,physical,epistatic,1.979750750232978,0.8648787991237465,-2.67656121025541e-16,-0.08258463096129004,-0.287573154426816,0.43686246817785884,0.4804741688285774,0.8227102202774966,0.28997346387886275,34.16098608278831,True
gp_hardened_physical_epistatic_with_esm2_zero_shot_prior,D304V,304,1,131.5,85.0183163412616,39.48188092941236,46.93946605760759,46.481683658738405,physical,epistatic,1.979750750232978,0.8129942553190211,3.203328059314162e-17,-0.0997774172281154,-0.26114049070362955,0.410654854012985,0.49174629373353146,0.872331250898648,0.24563303940723077,33.85345906980501,True
gp_hardened_physical_epistatic_with_esm2_zero_shot_prior,D304W,304,1,130.0,194.36647723146388,72.26689794276139,77.99566883568788,64.36647723146388,physical,epistatic,1.979750750232978,0.9221853062901072,4.7645648122395165e-17,-0.019555712148437644,-0.3152747771115562,0.4658087924359084,0.4688652753314653,0.8553728527844092,0.2840108109228265,33.450457918089576,True
gp_hardened_physical_epistatic_with_esm2_zero_shot_prior,D304R,304,1,123.0,147.1997796129309,47.8352044914894,55.738144661251766,24.19977961293091,physical,epistatic,1.979750750232978,0.8534644253796735,-1.0425668946000796e-16,-0.07326875920033742,-0.26829972870853747,0.43109690716330695,0.4687711437595446,0.8526371029916149,0.27757294749923206,34.08089324205824,True
gp_hardened_physical_epistatic_with_esm2_zero_shot_prior,D304L,304,1,137.5,196.416672549382,20.12169803613047,30.876512510680765,58.916672549382014,physical,epistatic,1.979750750232978,0.722611107613947,1.5726699431448514e-16,-0.12468031805286114,-0.12766618599900575,0.36500105254608933,0.47993886750196163,0.8493418116022569,0.2261930226037721,33.592722951302335,True
gp_hardened_physical_epistatic_with_esm2_zero_shot_prior,R330A,330,1,147.0,271.6239649271797,64.59379112776152,70.5745945069414,124.62396492717971,physical,epistatic,1.8347927261372974,1.0432547958454692,-2.3411886023761373e-17,0.06659872919194514,-0.25737116964197265,0.5685954500385362,0.593758821878622,0.8544050915713542,0.27389430912424495,32.38081760243995,True
gp_hardened_physical_epistatic_with_esm2_zero_shot_prior,R330Q,330,1,140.66666666666666,126.03036382621063,59.46698597281483,65.88929025217632,14.636302840456025,physical,epistatic,1.979750750232978,0.8530990261156579,4.527680034022411e-16,-0.10257004434174585,-0.28193772149365326,0.43091233884632435,0.48694790723433656,0.8509830243125717,0.27379632839791723,33.800823188429206,True
gp_hardened_physical_epistatic_with_esm2_zero_shot_prior,F134W_D304M,134+304,2,409.6666666666667,363.1593513051428,20.6019463885697,38.17688489713432,46.507315361523865,physical,epistatic,1.979750750232978,0.9180462624964648,0.00030027989481097697,-0.015117987563721041,-0.24996139545702864,0.4637181030937499,0.5142123180944989,0.8011049733146998,0.31879617593533016,34.715397216129865,True
gp_hardened_physical_epistatic_with_esm2_zero_shot_prior,F134W_D304L,134+304,2,370.3333333333333,281.20221377489275,14.602708500465372,28.91559503238638,89.13111955844056,physical,epistatic,1.979750750232978,0.9848827296662893,1.9625052969392445e-17,0.05797744338532029,-0.45802978048888215,0.49747814443327665,0.47390486999243814,0.8885312672889454,0.24330320919888365,32.290110526296345,True
gp_hardened_physical_epistatic_with_esm2_zero_shot_prior,F134W_D304I,134+304,2,341.3333333333333,342.1854720607342,18.280777555104034,35.95781176432677,0.8521387274008703,physical,epistatic,1.979750750232978,0.8891849560799744,-1.1014774094447559e-16,-0.03392862484472392,-0.28752652827368685,0.4491398505470119,0.4836945729518762,0.8225034437481634,0.2989819045801207,34.46767115162865,True
gp_hardened_physical_epistatic_with_esm2_zero_shot_prior,F134W_D304R,134+304,2,248.0,235.48468707351176,49.985624274385664,57.81196312629775,12.515312926488235,physical,epistatic,1.979750750232978,0.8608985499161618,-2.9282122847769932e-18,-0.06665776377733097,-0.2819559427567978,0.43485198821864357,0.46984265743721526,0.8333385542724262,0.2764962434049496,33.45297276651333,True
gp_hardened_physical_epistatic_with_esm2_zero_shot_prior,F134W_D304E,134+304,2,239.66666666666666,262.06237118382546,32.92560126227798,44.068330945889436,22.395704517158805,physical,epistatic,1.979750750232978,0.8358679369375263,-2.936719965967526e-16,-0.05996651312839482,-0.27482824473926837,0.42220867290448605,0.4800241782856737,0.8138536109578189,0.27879830325249827,33.63394378013479,True
gp_hardened_physical_epistatic_with_esm2_zero_shot_prior,F134W_D304S,134+304,2,222.5,224.30736215965237,63.57205184187646,69.75102512529122,1.8073621596523708,physical,epistatic,1.979750750232978,0.8520322684006798,2.2944016554529907e-16,-0.06832535195469015,-0.279098479309176,0.4303735044931349,0.480490771175079,0.8345315866621847,0.2733107722232006,33.294656482624504,True
gp_hardened_physical_epistatic_with_esm2_zero_shot_prior,F134W_D304V,134+304,2,202.33333333333334,297.4067681892825,32.73932536773907,41.72226579317653,95.07343485594916,physical,epistatic,1.979750750232978,1.0274158392274204,-2.1634601920384172e-16,-0.014197725156241865,-0.2949398079116216,0.5189622173935348,0.4686026557278712,0.8841673521595222,0.24665081139697112,31.66559032788448,True
gp_hardened_physical_epistatic_with_esm2_zero_shot_prior,D99R_D304M,99+304,2,139.0,158.43407680371195,44.76000783170613,54.12100336563366,19.434076803711946,physical,epistatic,1.979750750232978,0.8802982361205842,0.0006663170621545713,-0.06530026104487342,-0.2888564769264683,0.44465104307549336,0.4777198244396571,0.8263909397199698,0.2937181935511124,33.978792647649605,True
gp_hardened_physical_epistatic_with_esm2_zero_shot_prior,D99R_F134W,99+134,2,243.0,267.05274483072185,40.58767624189718,50.10684012786412,24.05274483072185,physical,epistatic,1.979750750232978,0.8858590159957942,0.000658829085606469,-0.04865026746800012,-0.28458773373206075,0.44745987134569637,0.4690013356951717,0.8339596124801084,0.27968024488539817,33.51979367414375,True
gp_hardened_physical_epistatic_with_esm2_zero_shot_prior,D99R_F134W_R330A,99+134+330,3,406.0,247.49352025883604,54.32047474839119,59.874970694661855,158.50647974116396,physical,epistatic,1.979750750232978,0.9254894162888098,-9.462648094973777e-17,-0.12000230652564066,-0.28596791002207,0.4674777449534481,0.44258139911571887,0.837544432776175,0.24934876566363756,31.59622251479068,True
gp_hardened_physical_epistatic_with_esm2_zero_shot_prior,D99R_F134W_D304M,99+134+304,3,248.0,235.39729015958747,32.27234199763179,43.98596487745238,12.60270984041253,physical,epistatic,1.979750750232978,0.8764444345242293,0.0006700946401504908,-0.05953775949461062,-0.2788866065666742,0.44270443358644457,0.47140701734157364,0.8245838420826663,0.2845080697453305,33.73173457053636,True
gp_hardened_physical_epistatic_with_esm2_zero_shot_prior,D99G_F134W_D304M,99+134+304,3,266.0,275.62828546744197,41.92156387087981,51.13794889354641,9.62828546744197,physical,epistatic,1.7405413845240538,0.8404728055692867,2.945346328824802e-17,-0.05317700372689397,-0.2800432972561659,0.4828801044561843,0.4666655155649706,0.8242405223330764,0.2790189556368158,33.42955415045456,True
gp_hardened_physical_epistatic_with_esm2_zero_shot_prior,D99V_F134W_D304M,99+134+304,3,201.0,256.37347975384563,41.839765428917325,50.409517730719095,55.37347975384563,physical,epistatic,1.7405413845240538,0.7725171625307251,3.523209449611352e-16,-0.08227773045811508,-0.27426345610537045,0.44383728499622416,0.45735158418140665,0.7996795155423114,0.2681845164269203,32.92262270171181,True
gp_hardened_physical_epistatic_with_esm2_zero_shot_prior,F134W_D304M_R330A,134+304+330,3,520.0,442.62021201257994,44.21160574173467,53.25905310580317,77.37978798742006,physical,epistatic,1.7405413845240538,0.9094028149230056,3.125810438807151e-16,0.004911496609505727,-0.2846052720990746,0.5224827303785593,0.5214129618989644,0.8967623543851879,0.3190812448841082,36.513290493331525,True
gp_hardened_physical_epistatic_with_esm2_zero_shot_prior,F134W_D304M_R330Q,134+304+330,3,372.0,392.97447203324623,39.190680296818954,48.34715127270502,20.97447203324623,physical,epistatic,1.979750750232978,0.8563923029026534,1.2093752588406813e-16,-0.0375354674318748,-0.2769247920881397,0.43257581935598344,0.47422233297558414,0.8629720949862697,0.27617465655723705,34.41351210188245,True
gp_hardened_physical_epistatic_with_esm2_zero_shot_prior,D99R_F134W_D304M_R330A,99+134+304+330,4,296.0,423.13843618469,38.99730918454894,45.44483622356082,127.13843618469002,physical,epistatic,1.979750750232978,0.8613315845546319,-9.669132098926013e-17,-0.030290473769009695,-0.2622888713829572,0.4350707201162924,0.5256086723750113,0.7839213481876889,0.22306263747685487,30.432664508307,True
gp_hardened_physical_epistatic_with_esm2_zero_shot_prior,D99G_F134W_D304M_R330A,99+134+304+330,4,410.0,355.85195542423656,52.64625658793197,59.96425856813408,54.148044575763436,physical,epistatic,1.6851495901680713,0.8197859202136637,-1.7582948849297633e-16,-0.045024691244453165,-0.30325972102670123,0.4864766457510166,0.4469886746259417,0.8490336272625381,0.28478345639405533,34.213865245376674,True
gp_hardened_physical_epistatic_with_esm2_zero_shot_prior,D99V_F134W_D304M_R330A,99+134+304+330,4,391.0,314.9327310292349,52.572902063058976,59.26436881418635,76.0672689707651,physical,epistatic,1.6851495901680713,0.7993456600164617,-1.4089539404564912e-16,-0.08007910490447964,-0.286949999421015,0.47434700437291005,0.45497923469555446,0.8384623185072374,0.2689485006894557,33.50572245275062,True
gp_hardened_physical_epistatic_with_esm2_zero_shot_prior,D99R_F134W_D304M_R330Q,99+134+304+330,4,255.0,227.68427487314645,44.54601728977526,52.71352234732499,27.31572512685355,physical,epistatic,1.979750750232978,0.8425417421129445,5.4376833770453473e-17,-0.07961994612152748,-0.26574780634121226,0.4255797059371205,0.46962115893044054,0.837616836813093,0.2683571643668712,33.46778549851027,True
gp_hardened_physical_epistatic_with_esm2_zero_shot_prior,D99G_F134W_D304M_R330Q,99+134+304+330,4,258.0,275.12662114184684,45.00849347391953,53.97151460978706,17.12662114184684,physical,epistatic,1.979750750232978,0.8739182776334309,-2.8593169949659476e-16,-0.05214696594704416,-0.2798759175508266,0.44142843614560456,0.4732517805405803,0.8252323481692445,0.2836369473796044,33.529056460200195,True
gp_hardened_physical_epistatic_with_esm2_zero_shot_prior,D99V_F134W_D304M_R330Q,99+134+304+330,4,205.0,246.15522874303903,44.97850607005007,54.34624637892545,41.15522874303903,physical,epistatic,1.979750750232978,0.8594465249004319,5.208694616173072e-17,-0.06212808326791742,-0.27397369763320434,0.43411854992316173,0.46923957886015155,0.7996511996918718,0.2908291001895943,33.345406907468245,True
