model,variant_id,observed,predicted,abs_error,selected_alpha,selected_k
train_mean,WT,77.66666666666667,244.6446078431373,166.9779411764706,,
ridge_onehot,WT,77.66666666666667,166.91166996881776,89.24500330215109,1.0,
knn_descriptor,WT,77.66666666666667,151.0268739399888,73.36020727332213,,7.0
random_forest_onehot_fixed,WT,77.66666666666667,148.28011800722427,70.6134513405576,,
train_mean,D99G,144.0,242.69362745098042,98.69362745098042,,
ridge_onehot,D99G,144.0,165.1464788957109,21.146478895710914,10.0,
knn_descriptor,D99G,144.0,141.3900299408972,2.6099700591028068,,5.0
random_forest_onehot_fixed,D99G,144.0,147.26954176887932,3.2695417688793214,,
train_mean,D99V,147.66666666666666,242.58578431372553,94.91911764705887,,
ridge_onehot,D99V,147.66666666666666,71.28046948003245,76.3861971866342,1.0,
knn_descriptor,D99V,147.66666666666666,142.02147972817625,5.645186938490411,,5.0
random_forest_onehot_fixed,D99V,147.66666666666666,144.9545494408371,2.7121172258295587,,
train_mean,D99R,194.0,241.2230392156863,47.2230392156863,,
ridge_onehot,D99R,194.0,95.74046936051738,98.25953063948262,1.0,
knn_descriptor,D99R,194.0,153.54484657369179,40.455153426308215,,5.0
random_forest_onehot_fixed,D99R,194.0,134.3036396164022,59.696360383597806,,
train_mean,F134W,217.0,240.546568627451,23.546568627450995,,
ridge_onehot,F134W,217.0,289.5057617687503,72.50576176875029,1.0,
knn_descriptor,F134W,217.0,259.80824174147665,42.80824174147665,,5.0
random_forest_onehot_fixed,F134W,217.0,277.9072998686498,60.90729986864977,,
train_mean,D304M,233.5,240.06127450980395,6.561274509803951,,
ridge_onehot,D304M,233.5,196.1668614103019,37.33313858969811,10.0,
knn_descriptor,D304M,233.5,146.14803849265866,87.35196150734134,,5.0
random_forest_onehot_fixed,D304M,233.5,141.49785190939662,92.00214809060338,,
train_mean,D304E,171.25,241.8921568627451,70.64215686274511,,
ridge_onehot,D304E,171.25,135.24591246799844,36.00408753200156,1.0,
knn_descriptor,D304E,171.25,137.9504660572576,33.299533942742414,,7.0
random_forest_onehot_fixed,D304E,171.25,139.66282204600952,31.587177953990476,,
train_mean,D304Q,157.0,242.31127450980395,85.31127450980395,,
ridge_onehot,D304Q,157.0,178.94827231278765,21.94827231278765,10.0,
knn_descriptor,D304Q,157.0,152.22131563112046,4.778684368879539,,5.0
random_forest_onehot_fixed,D304Q,157.0,142.44974146547887,14.550258534521134,,
train_mean,D304V,131.5,243.06127450980395,111.56127450980395,,
ridge_onehot,D304V,131.5,175.13808520886025,43.63808520886025,10.0,
knn_descriptor,D304V,131.5,157.3845019680741,25.88450196807409,,7.0
random_forest_onehot_fixed,D304V,131.5,147.7151851440227,16.215185144022712,,
train_mean,D304W,130.0,243.10539215686276,113.10539215686276,,
ridge_onehot,D304W,130.0,181.0521195169158,51.05211951691581,10.0,
knn_descriptor,D304W,130.0,157.24150937803913,27.241509378039126,,5.0
random_forest_onehot_fixed,D304W,130.0,148.00310029923787,18.00310029923787,,
train_mean,D304R,123.0,243.31127450980395,120.31127450980395,,
ridge_onehot,D304R,123.0,180.20112693372567,57.201126933725675,10.0,
knn_descriptor,D304R,123.0,149.77957907443027,26.779579074430274,,7.0
random_forest_onehot_fixed,D304R,123.0,149.2590089183965,26.25900891839649,,
train_mean,D304L,137.5,242.88480392156865,105.38480392156865,,
ridge_onehot,D304L,137.5,209.58346534415236,72.08346534415236,1.0,
knn_descriptor,D304L,137.5,176.82066434936638,39.32066434936638,,7.0
random_forest_onehot_fixed,D304L,137.5,146.33728890877646,8.837288908776458,,
train_mean,R330A,147.0,242.60539215686276,95.60539215686276,,
ridge_onehot,R330A,147.0,290.37791557522496,143.37791557522496,1.0,
knn_descriptor,R330A,147.0,186.3514104682316,39.35141046823159,,5.0
random_forest_onehot_fixed,R330A,147.0,226.04911938640075,79.04911938640075,,
train_mean,R330Q,140.66666666666666,242.7916666666667,102.12500000000006,,
ridge_onehot,R330Q,140.66666666666666,187.41117155843918,46.74450489177252,10.0,
knn_descriptor,R330Q,140.66666666666666,139.70054172938953,0.9661249372771294,,5.0
random_forest_onehot_fixed,R330Q,140.66666666666666,135.7652971220912,4.901369544575459,,
train_mean,F134W_D304M,409.6666666666667,234.8799019607843,174.78676470588238,,
ridge_onehot,F134W_D304M,409.6666666666667,269.1164522454077,140.550214421259,10.0,
knn_descriptor,F134W_D304M,409.6666666666667,250.82124405203433,158.84542261463235,,5.0
random_forest_onehot_fixed,F134W_D304M,409.6666666666667,269.5043902887416,140.16227637792508,,
train_mean,F134W_D304L,370.3333333333333,236.03676470588235,134.29656862745097,,
ridge_onehot,F134W_D304L,370.3333333333333,255.74342598595086,114.58990734738245,1.0,
knn_descriptor,F134W_D304L,370.3333333333333,265.27332687160737,105.06000646172595,,7.0
random_forest_onehot_fixed,F134W_D304L,370.3333333333333,252.58530119080262,117.74803214253069,,
train_mean,F134W_D304I,341.3333333333333,236.88970588235293,104.44362745098039,,
ridge_onehot,F134W_D304I,341.3333333333333,252.718431049547,88.61490228378631,10.0,
knn_descriptor,F134W_D304I,341.3333333333333,245.9237728662388,95.40956046709451,,5.0
random_forest_onehot_fixed,F134W_D304I,341.3333333333333,257.6662036889036,83.66712964442974,,
train_mean,F134W_D304R,248.0,239.6348039215686,8.36519607843141,,
ridge_onehot,F134W_D304R,248.0,254.54613059670726,6.546130596707258,10.0,
knn_descriptor,F134W_D304R,248.0,271.8925983189589,23.892598318958903,,5.0
random_forest_onehot_fixed,F134W_D304R,248.0,274.93708628686113,26.93708628686113,,
train_mean,F134W_D304E,239.66666666666666,239.8799019607843,0.21323529411765207,,
ridge_onehot,F134W_D304E,239.66666666666666,286.61708696176584,46.95042029509918,1.0,
knn_descriptor,F134W_D304E,239.66666666666666,287.43876490913726,47.772098242470605,,5.0
random_forest_onehot_fixed,F134W_D304E,239.66666666666666,276.5286020248271,36.86193535816042,,
train_mean,F134W_D304S,222.5,240.3848039215686,17.88480392156859,,
ridge_onehot,F134W_D304S,222.5,261.86773375792245,39.36773375792245,10.0,
knn_descriptor,F134W_D304S,222.5,266.68813873226503,44.18813873226503,,5.0
random_forest_onehot_fixed,F134W_D304S,222.5,279.4439625874126,56.943962587412614,,
train_mean,F134W_D304V,202.33333333333334,240.97794117647058,38.64460784313724,,
ridge_onehot,F134W_D304V,202.33333333333334,258.6221543125382,56.28882097920487,10.0,
knn_descriptor,F134W_D304V,202.33333333333334,311.8748452889333,109.54151195559993,,5.0
random_forest_onehot_fixed,F134W_D304V,202.33333333333334,283.2127617845116,80.87942845117826,,
train_mean,D99R_D304M,139.0,242.84068627450978,103.84068627450978,,
ridge_onehot,D99R_D304M,139.0,203.68245850286414,64.68245850286414,10.0,
knn_descriptor,D99R_D304M,139.0,197.36252755750004,58.362527557500044,,5.0
random_forest_onehot_fixed,D99R_D304M,139.0,165.55231377465137,26.552313774651367,,
train_mean,D99R_F134W,243.0,239.78186274509804,3.2181372549019613,,
ridge_onehot,D99R_F134W,243.0,240.90732181543893,2.0926781845610662,10.0,
knn_descriptor,D99R_F134W,243.0,258.96752518842516,15.967525188425157,,5.0
random_forest_onehot_fixed,D99R_F134W,243.0,247.08638746068755,4.086387460687547,,
train_mean,D99R_F134W_R330A,406.0,234.9877450980392,171.0122549019608,,
ridge_onehot,D99R_F134W_R330A,406.0,271.7881695399871,134.2118304600129,10.0,
knn_descriptor,D99R_F134W_R330A,406.0,289.60704408694124,116.39295591305876,,5.0
random_forest_onehot_fixed,D99R_F134W_R330A,406.0,368.146061904762,37.85393809523799,,
train_mean,D99R_F134W_D304M,248.0,239.63480392156862,8.365196078431381,,
ridge_onehot,D99R_F134W_D304M,248.0,278.932406357844,30.932406357844002,10.0,
knn_descriptor,D99R_F134W_D304M,248.0,260.16235486207927,12.162354862079269,,7.0
random_forest_onehot_fixed,D99R_F134W_D304M,248.0,260.7675391437266,12.767539143726594,,
train_mean,D99G_F134W_D304M,266.0,239.10539215686273,26.894607843137265,,
ridge_onehot,D99G_F134W_D304M,266.0,279.09834904449974,13.098349044499741,10.0,
knn_descriptor,D99G_F134W_D304M,266.0,305.28908069168926,39.289080691689264,,5.0
random_forest_onehot_fixed,D99G_F134W_D304M,266.0,255.90871801670554,10.091281983294465,,
train_mean,D99V_F134W_D304M,201.0,241.01715686274505,40.017156862745054,,
ridge_onehot,D99V_F134W_D304M,201.0,278.5547612379941,77.55476123799411,10.0,
knn_descriptor,D99V_F134W_D304M,201.0,302.9644293266157,101.96442932661569,,5.0
random_forest_onehot_fixed,D99V_F134W_D304M,201.0,262.3455896617272,61.34558966172722,,
train_mean,F134W_D304M_R330A,520.0,231.63480392156862,288.3651960784314,,
ridge_onehot,F134W_D304M_R330A,520.0,309.1672078213227,210.83279217867732,10.0,
knn_descriptor,F134W_D304M_R330A,520.0,340.60558984122815,179.39441015877185,,7.0
random_forest_onehot_fixed,F134W_D304M_R330A,520.0,375.88468630813605,144.11531369186395,,
train_mean,F134W_D304M_R330Q,372.0,235.9877450980392,136.0122549019608,,
ridge_onehot,F134W_D304M_R330Q,372.0,282.3031665610895,89.69683343891052,10.0,
knn_descriptor,F134W_D304M_R330Q,372.0,330.0344798157335,41.965520184266495,,3.0
random_forest_onehot_fixed,F134W_D304M_R330Q,372.0,289.8211999213747,82.17880007862527,,
train_mean,D99R_F134W_D304M_R330A,296.0,238.22303921568627,57.77696078431373,,
ridge_onehot,D99R_F134W_D304M_R330A,296.0,404.682739348426,108.68273934842603,1.0,
knn_descriptor,D99R_F134W_D304M_R330A,296.0,387.27003322749255,91.27003322749255,,3.0
random_forest_onehot_fixed,D99R_F134W_D304M_R330A,296.0,414.4209572871578,118.42095728715782,,
train_mean,D99G_F134W_D304M_R330A,410.0,234.8700980392157,175.1299019607843,,
ridge_onehot,D99G_F134W_D304M_R330A,410.0,316.99343634381876,93.00656365618124,10.0,
knn_descriptor,D99G_F134W_D304M_R330A,410.0,345.4605921418683,64.53940785813171,,5.0
random_forest_onehot_fixed,D99G_F134W_D304M_R330A,410.0,391.7670547619049,18.232945238095112,,
train_mean,D99V_F134W_D304M_R330A,391.0,235.42892156862743,155.57107843137257,,
ridge_onehot,D99V_F134W_D304M_R330A,391.0,309.39177150570663,81.60822849429337,10.0,
knn_descriptor,D99V_F134W_D304M_R330A,391.0,326.5376033621795,64.46239663782052,,5.0
random_forest_onehot_fixed,D99V_F134W_D304M_R330A,391.0,389.1939722222225,1.8060277777775013,,
train_mean,D99R_F134W_D304M_R330Q,255.0,239.42892156862743,15.57107843137257,,
ridge_onehot,D99R_F134W_D304M_R330Q,255.0,293.98244155191435,38.98244155191435,10.0,
knn_descriptor,D99R_F134W_D304M_R330Q,255.0,319.1594356725348,64.15943567253481,,7.0
random_forest_onehot_fixed,D99R_F134W_D304M_R330Q,255.0,276.77140559163075,21.771405591630753,,
train_mean,D99G_F134W_D304M_R330Q,258.0,239.3406862745098,18.659313725490193,,
ridge_onehot,D99G_F134W_D304M_R330Q,258.0,296.51928048251847,38.51928048251847,10.0,
knn_descriptor,D99G_F134W_D304M_R330Q,258.0,340.02486949048114,82.02486949048114,,7.0
random_forest_onehot_fixed,D99G_F134W_D304M_R330Q,258.0,280.33833293650804,22.33833293650804,,
train_mean,D99V_F134W_D304M_R330Q,205.0,240.89950980392155,35.899509803921546,,
ridge_onehot,D99V_F134W_D304M_R330Q,205.0,296.13273214957695,91.13273214957695,10.0,
knn_descriptor,D99V_F134W_D304M_R330Q,205.0,297.7551583465896,92.75515834658961,,5.0
random_forest_onehot_fixed,D99V_F134W_D304M_R330Q,205.0,284.50907979798,79.50907979798001,,
