variant_id,observed,predicted,predicted_std_observed,abs_error,sigma_three
WT,77.66666666666667,80.37640941444738,104.78839463024836,2.709742747780709,0.0
D99G,144.0,153.7016622536986,297.5075252819312,9.7016622536986,0.0
D99V,147.66666666666666,122.96697622660375,297.80510530675645,24.69969044006291,0.0
D99R,194.0,176.16236383012375,132.5450232274968,17.837636169876248,0.0
F134W,217.0,215.12572557538329,131.41258793222158,1.874274424616715,0.0
D304M,233.5,219.58400748774534,130.52506845956822,13.915992512254661,0.0
D304E,171.25,130.35440846775947,248.11110187322674,40.89559153224053,0.0
D304Q,157.0,160.67072735186375,320.54559130281143,3.6707273518637464,0.0
D304V,131.5,108.41700618339749,245.70056562499784,23.08299381660251,0.0
D304W,130.0,163.7488813807359,318.20554596711116,33.748881380735895,0.0
D304R,123.0,143.36877531773985,245.08163151014884,20.368775317739846,0.0
D304L,137.5,231.5551830123764,246.29337658774242,94.0551830123764,0.0
R330A,147.0,238.49522077629612,259.66246772596725,91.49522077629612,0.0
R330Q,140.66666666666666,124.28878851874457,300.1734372904438,16.37787814792209,0.0
F134W_D304M,409.6666666666667,402.76385556481034,107.93325845389181,6.902811101856344,0.0
F134W_D304L,370.3333333333333,247.75700935412576,243.85084874304872,122.57632397920756,0.0
F134W_D304I,341.3333333333333,270.0050321294542,319.09295942756677,71.32830120387911,0.0
F134W_D304R,248.0,254.45215995832967,249.76457732684682,6.452159958329673,0.0
F134W_D304E,239.66666666666666,291.34285697787175,249.7719523674487,51.67619031120509,0.0
F134W_D304S,222.5,283.6576167571878,323.556574460301,61.15761675718778,0.0
F134W_D304V,202.33333333333334,267.2784788661925,249.41510066980786,64.94514553285913,0.0
D99R_D304M,139.0,168.71830769081367,136.61710505330728,29.718307690813674,0.0
D99R_F134W,243.0,280.8076103383985,131.1525131497826,37.80761033839849,0.0
D99R_F134W_R330A,406.0,263.2985591966969,226.99451670724198,142.70144080330311,0.0
D99R_F134W_D304M,248.0,210.16860290469836,118.18943299451261,37.83139709530164,0.0
D99G_F134W_D304M,266.0,286.32514711199934,213.0320012586482,20.325147111999343,0.0
D99V_F134W_D304M,201.0,268.7070395250755,212.763797470083,67.70703952507552,0.0
F134W_D304M_R330A,520.0,455.7466395800294,173.620074863584,64.25336041997059,0.0
F134W_D304M_R330Q,372.0,397.93565241992394,203.47401541659724,25.93565241992394,0.0
D99R_F134W_D304M_R330A,296.0,408.2366953203275,173.9754267766289,112.2366953203275,0.0
D99G_F134W_D304M_R330A,410.0,364.9921911067196,225.88900033734217,45.00780889328041,0.0
D99V_F134W_D304M_R330A,391.0,307.81436297272245,227.92796355616068,83.18563702727755,0.0
D99R_F134W_D304M_R330Q,255.0,200.13812803692113,235.2958877285435,54.86187196307887,0.0
D99G_F134W_D304M_R330Q,258.0,269.8022337712183,235.31929970019115,11.802233771218312,0.0
D99V_F134W_D304M_R330Q,205.0,235.56795026455023,235.02692795068023,30.567950264550234,0.0
WT,77.66666666666667,81.53461797818949,114.82907893655545,3.867951311522816,0.5
D99G,144.0,154.650335780419,303.5781689432544,10.650335780418999,0.5
D99V,147.66666666666666,124.87122173544137,303.8816555690241,22.79544493122529,0.5
D99R,194.0,173.1729043445501,146.277068128232,20.82709565544991,0.5
F134W,217.0,215.41899103528124,144.01678695659353,1.5810089647187624,0.5
D304M,233.5,217.3496346911955,143.183816487445,16.15036530880451,0.5
D304E,171.25,130.56603228175575,252.8271230623568,40.68396771824425,0.5
D304Q,157.0,160.54261810523562,324.1852132257542,3.5426181052356185,0.5
D304V,131.5,108.92339915159414,250.3690175089503,22.57660084840586,0.5
D304W,130.0,163.6293092103012,321.81858908718846,33.62930921030119,0.5
D304R,123.0,143.51228474408757,249.73553419994008,20.512284744087566,0.5
D304L,137.5,230.7326765741648,250.96412049610885,93.2326765741648,0.5
R330A,147.0,237.4669121001843,270.44586311537813,90.46691210018429,0.5
R330Q,140.66666666666666,126.37775120896644,306.9293743221178,14.288915457700213,0.5
F134W_D304M,409.6666666666667,401.0138734548949,115.90025584537332,8.65279321177178,0.5
F134W_D304L,370.3333333333333,247.94999230688353,248.48884876046165,122.38334102644978,0.5
F134W_D304I,341.3333333333333,269.91994857448316,322.71658483758625,71.41338475885016,0.5
F134W_D304R,248.0,254.7661192626378,254.51296978459888,6.766119262637801,0.5
F134W_D304E,239.66666666666666,291.272747100507,254.52147427949555,51.60608043384033,0.5
F134W_D304S,222.5,283.6142641285372,327.23098865901227,61.11426412853717,0.5
F134W_D304V,202.33333333333334,267.5257786855756,254.1502540807391,65.19244535224223,0.5
D99R_D304M,139.0,173.17099282595234,150.59902335532107,34.17099282595234,0.5
D99R_F134W,243.0,283.67559451441525,142.46295703256155,40.67559451441525,0.5
D99R_F134W_R330A,406.0,260.2365190175115,237.1514918110132,145.7634809824885,0.5
D99R_F134W_D304M,248.0,208.4657372282294,126.90814915660845,39.534262771770614,0.5
D99G_F134W_D304M,266.0,286.5604788435877,219.3554538750685,20.560478843587703,0.5
D99V_F134W_D304M,201.0,269.2618792922881,219.08211204579348,68.26187929228809,0.5
F134W_D304M_R330A,520.0,454.85537452589807,181.27633873206636,65.14462547410193,0.5
F134W_D304M_R330Q,372.0,396.24219577445194,210.09313734649612,24.242195774451943,0.5
D99R_F134W_D304M_R330A,296.0,410.23833740484736,182.11215006014322,114.23833740484736,0.5
D99G_F134W_D304M_R330A,410.0,363.80458333253665,231.0160966418946,46.19541666746335,0.5
D99V_F134W_D304M_R330A,391.0,307.1992571669175,233.10214567893496,83.8007428330825,0.5
D99R_F134W_D304M_R330Q,255.0,200.80057302209286,240.67828548452383,54.19942697790714,0.5
D99G_F134W_D304M_R330Q,258.0,270.46171375101324,240.67038822911886,12.461713751013235,0.5
D99V_F134W_D304M_R330Q,205.0,236.9667594515227,240.37210898687835,31.966759451522705,0.5
WT,77.66666666666667,84.43652087760779,138.27223136338844,6.769854210941119,1.0
D99G,144.0,157.5205126506683,320.1546748290293,13.520512650668309,1.0
D99V,147.66666666666666,130.29979301212248,320.47407388562533,17.36687365454418,1.0
D99R,194.0,166.26957058706188,178.04662988708117,27.730429412938122,1.0
F134W,217.0,216.52717152704335,172.78014376996782,0.47282847295664965,1.0
D304M,233.5,212.0206663450333,172.20657142438316,21.479333654966695,1.0
D304E,171.25,131.4518543883814,266.312728126388,39.798145611618594,1.0
D304Q,157.0,160.404082112664,334.8471475497834,3.404082112664014,1.0
D304V,131.5,110.61449783722807,263.7190193257952,20.885502162771928,1.0
D304W,130.0,163.51146270912972,332.4026631532392,33.51146270912972,1.0
D304R,123.0,144.1886185066288,263.0444444155633,21.188618506628814,1.0
D304L,137.5,228.72207675389419,264.3224261905385,91.22207675389419,1.0
R330A,147.0,234.29404075291393,296.87973176126707,87.29404075291393,1.0
R330Q,140.66666666666666,132.2667603699336,325.049914648976,8.399906296733064,1.0
F134W_D304M,409.6666666666667,397.1582790844276,135.12427713135267,12.508387582239095,1.0
F134W_D304L,370.3333333333333,248.28029445817947,261.74417180189926,122.05303887515385,1.0
F134W_D304I,341.3333333333333,269.58820895753615,333.32322698461286,71.74512437579716,1.0
F134W_D304R,248.0,255.36703496242558,268.0841488844462,7.367034962425578,1.0
F134W_D304E,239.66666666666666,290.7970053323598,268.09564331725625,51.13033866569313,1.0
F134W_D304S,222.5,283.37304632814505,337.986305326564,60.87304632814505,1.0
F134W_D304V,202.33333333333334,267.9158959481445,267.68489919858297,65.58256261481117,1.0
D99R_D304M,139.0,183.2832500120406,183.09062615803677,44.28325001204061,1.0
D99R_F134W,243.0,288.84515784753575,169.1781595716309,45.845157847535745,1.0
D99R_F134W_R330A,406.0,254.5117978617737,261.898967948248,151.4882021382263,1.0
D99R_F134W_D304M,248.0,205.509371402532,148.16696137633102,42.490628597468,1.0
D99G_F134W_D304M,266.0,286.89664232166996,236.8695911003947,20.896642321669958,1.0
D99V_F134W_D304M,201.0,270.35240296882625,236.58110599024278,69.35240296882625,1.0
F134W_D304M_R330A,520.0,452.13188885422915,200.6998526579931,67.86811114577085,1.0
F134W_D304M_R330Q,372.0,391.2701518160021,228.14258661159081,19.270151816002112,1.0
D99R_F134W_D304M_R330A,296.0,413.5761090474653,202.55359427817126,117.57610904746531,1.0
D99G_F134W_D304M_R330A,410.0,360.9589730456438,245.44577466488613,49.0410269543562,1.0
D99V_F134W_D304M_R330A,391.0,305.9380008787221,247.663889238773,85.06199912127789,1.0
D99R_F134W_D304M_R330Q,255.0,202.95953527471005,255.7046979607824,52.04046472528995,1.0
D99G_F134W_D304M_R330Q,258.0,272.05983344864813,255.7476030476474,14.059833448648135,1.0
D99V_F134W_D304M_R330Q,205.0,240.4359466015194,255.4322703531247,35.43594660151939,1.0
WT,77.66666666666667,90.8662983737421,196.60442036096458,13.199631707075426,2.0
D99G,144.0,166.36753440777312,372.8249862256098,22.36753440777312,2.0
D99V,147.66666666666666,146.03170772582914,373.1941573017998,1.634958940837521,2.0
D99R,194.0,152.25040314112522,253.92922553191383,41.74959685887478,2.0
F134W,217.0,219.67613112781714,241.36834555680062,2.6761311278171434,2.0
D304M,233.5,199.30056526869788,241.74065507942808,34.19943473130212,2.0
D304E,171.25,135.44005614960918,313.1875367023702,35.80994385039082,2.0
D304Q,157.0,161.0982042919704,374.30369670999175,4.098204291970404,2.0
D304V,131.5,116.98843794249821,310.125837836405,14.511562057501791,2.0
D304W,130.0,164.24533079777964,371.5710751528987,34.245330797779644,2.0
D304R,123.0,147.4473936871606,309.31300456786556,24.4473936871606,2.0
D304L,137.5,223.79748229285514,310.77333104712824,86.29748229285514,2.0
R330A,147.0,225.17795093376543,366.21045015029273,78.17795093376543,2.0
R330Q,140.66666666666666,148.3713570126823,380.58985149639915,7.704690346015639,2.0
F134W_D304M,409.6666666666667,391.0131970330358,186.67122515113573,18.65346963363089,2.0
F134W_D304L,370.3333333333333,248.51356430914166,307.79842163532294,121.81976902419166,2.0
F134W_D304I,341.3333333333333,268.33327328222833,372.5591550213336,73.00006005110498,2.0
F134W_D304R,248.0,256.14588084972513,315.23916310313297,8.145880849725131,2.0
F134W_D304E,239.66666666666666,288.2673287788858,315.25915208268583,48.60066211221917,2.0
F134W_D304S,222.5,282.25766237589744,377.772237832623,59.75766237589744,2.0
F134W_D304V,202.33333333333334,267.9468577407583,314.72430597647815,65.61352440742493,2.0
D99R_D304M,139.0,204.43644416024762,261.188379883772,65.43644416024762,2.0
D99R_F134W,243.0,295.7459764728453,237.56086537624628,52.745976472845314,2.0
D99R_F134W_R330A,406.0,245.24332653415073,327.48108471276214,160.75667346584927,2.0
D99R_F134W_D304M,248.0,201.17565572240278,206.252634236731,46.82434427759722,2.0
D99G_F134W_D304M,266.0,287.11783208360964,293.5216091422283,21.117832083609642,2.0
D99V_F134W_D304M,201.0,272.3259534989254,293.17806997485866,71.3259534989254,2.0
F134W_D304M_R330A,520.0,440.8009579953417,256.15461848556515,79.19904200465828,2.0
F134W_D304M_R330Q,372.0,375.93366379790774,285.06769630397594,3.933663797907741,2.0
D99R_F134W_D304M_R330A,296.0,416.59413693354486,260.6236922406002,120.59413693354486,2.0
D99G_F134W_D304M_R330A,410.0,353.67420216983146,294.05707080545204,56.32579783016854,2.0
D99V_F134W_D304M_R330A,391.0,303.3751934330246,296.71757655996925,87.6248065669754,2.0
D99R_F134W_D304M_R330Q,255.0,210.47920431788495,306.07117294302634,44.52079568211505,2.0
D99G_F134W_D304M_R330Q,258.0,275.2053383419692,306.5333747199319,17.205338341969195,2.0
D99V_F134W_D304M_R330Q,205.0,248.18313488739048,306.15827709057623,43.18313488739048,2.0
