model,variant_id,mutations,mutation_signature,mutation_order,observed,predicted,predicted_std_latent,predicted_std_observed,abs_error,selected_lengthscale,selected_sigma_main,selected_sigma_epi,selected_sigma_noise,inner_mae
additive,WT,,WT,0,77.66666666666667,165.12475719257736,19.4964208247942,54.935369881681716,87.45809052591069,0.2,0.5,0.0,0.5,58.535606247298404
epistatic,WT,,WT,0,77.66666666666667,100.12132533267496,45.36535382915617,68.52590581016969,22.454658666008285,0.2,0.5,1.0,0.5,47.96496793394315
additive,D99G,D99G,99,1,144.0,141.31286194921583,29.711994046358058,60.449100087460536,2.6871380507841707,0.2,0.5,0.0,0.5,60.53221965408503
epistatic,D99G,D99G,99,1,144.0,153.7016622536986,292.81297185781557,297.5075252819312,9.7016622536986,0.2,0.5,4.0,0.5,45.51018699394614
additive,D99V,D99V,99,1,147.66666666666666,82.15399642519117,21.706102648729694,38.35043441306046,65.51267024147549,0.2,0.5,0.0,0.3,59.353396920041206
epistatic,D99V,D99V,99,1,147.66666666666666,122.96697622660375,293.10614374964405,297.80510530675645,24.69969044006291,0.2,0.5,4.0,0.5,45.03663407359767
additive,D99R,D99R,99,1,194.0,125.51620760347637,25.17638524421543,58.82527475315877,68.48379239652363,0.2,0.5,0.0,0.5,57.93836293353727
epistatic,D99R,D99R,99,1,194.0,158.4485568280926,65.28832664511718,84.19696058611017,35.55144317190741,0.2,0.5,1.0,0.5,45.88633523558159
additive,F134W,F134W,134,1,217.0,263.8724490714295,24.21538841713925,58.52588042947894,46.872449071429514,0.2,0.5,0.0,0.5,59.003968031891816
epistatic,F134W,F134W,134,1,217.0,252.41105471402108,121.77449492678379,161.81656957828596,35.41105471402108,0.2,0.5,2.0,1.0,47.62769492747455
additive,D304M,D304M,304,1,233.5,185.98005376381286,24.01636303356529,58.476002065846636,47.51994623618714,0.2,0.5,0.0,0.5,58.193672707624714
epistatic,D304M,D304M,304,1,233.5,205.36683341196158,118.63301770686762,159.513075912972,28.13316658803842,0.2,0.5,2.0,1.0,46.6073732114055
additive,D304E,D304E,304,1,171.25,143.83750805993492,23.36514365398349,39.44844059782995,27.41249194006508,0.2,0.5,0.0,0.3,59.949279509289
epistatic,D304E,D304E,304,1,171.25,129.8899969221041,242.05718623606262,247.78605710648628,41.3600030778959,1.0,0.5,4.0,0.5,43.85664481685561
additive,D304Q,D304Q,304,1,157.0,167.6770965660736,31.629130199833533,61.561470769151576,10.677096566073601,0.2,0.5,0.0,0.5,60.21253043094502
epistatic,D304Q,D304Q,304,1,157.0,160.67072735186375,316.1646142401233,320.54559130281143,3.6707273518637464,0.2,0.5,4.0,0.5,45.38839640635235
additive,D304V,D304V,304,1,131.5,155.69589368146262,28.435428708479034,59.66535187969966,24.19589368146262,0.2,0.5,0.0,0.5,60.14703363358417
epistatic,D304V,D304V,304,1,131.5,108.41700618339749,240.0362208904116,245.70056562499784,23.08299381660251,0.2,0.5,4.0,0.5,45.3369022411269
additive,D304W,D304W,304,1,130.0,170.14114999635427,31.400843841859555,61.11334201932671,40.14114999635427,0.2,0.5,0.0,0.5,59.609050254680945
epistatic,D304W,D304W,304,1,130.0,163.7488813807359,313.85656262923186,318.20554596711116,33.748881380735895,0.2,0.5,4.0,0.5,44.53309163797691
additive,D304R,D304R,304,1,123.0,166.0986177647132,28.415190042930533,59.530432951563164,43.0986177647132,0.2,0.5,0.0,0.5,59.80534304287424
epistatic,D304R,D304R,304,1,123.0,143.36877531773985,239.43382526587942,245.08163151014884,20.368775317739846,0.2,0.5,4.0,0.5,45.79291517961028
additive,D304L,D304L,304,1,137.5,189.53516720494062,28.6460867901344,59.84847602792022,52.03516720494062,0.2,0.5,0.0,0.5,59.12592607455832
epistatic,D304L,D304L,304,1,137.5,231.5551830123764,240.62249594856019,246.29337658774242,94.0551830123764,0.2,0.5,4.0,0.5,41.828300820388485
additive,R330A,R330A,330,1,147.0,291.478995341553,35.17828463167195,63.34997006794243,144.478995341553,0.2,1.0,0.0,0.5,54.03291391298525
epistatic,R330A,R330A,330,1,147.0,244.58135539921972,245.6122646879659,247.6381212261655,97.58135539921972,0.2,1.0,4.0,0.3,43.04788791515472
additive,R330Q,R330Q,330,1,140.66666666666666,170.71660888260408,30.505515388167346,60.801368428760185,30.04994221593742,0.2,0.5,0.0,0.5,59.93505260978295
epistatic,R330Q,R330Q,330,1,140.66666666666666,124.28878851874457,295.529816636237,300.1734372904438,16.37787814792209,0.2,0.5,4.0,0.5,45.14317443338898
additive,F134W_D304M,F134W;D304M,134+304,2,409.6666666666667,279.8055814213983,19.861809102476837,54.88748059030762,129.86108524526838,0.2,0.5,0.0,0.5,54.81098466786792
epistatic,F134W_D304M,F134W;D304M,134+304,2,409.6666666666667,342.8776586849224,89.55562738728389,135.98818572082905,66.7890079817443,0.2,0.5,2.0,1.0,46.94299580652031
additive,F134W_D304L,F134W;D304L,134+304,2,370.3333333333333,253.57779583131168,57.11917766253877,118.75849052871834,116.75553750202164,0.2,1.0,0.0,1.0,55.23345398254955
epistatic,F134W_D304L,F134W;D304L,134+304,2,370.3333333333333,247.75700935412576,238.2288642854838,243.85084874304872,122.57632397920756,0.2,0.5,4.0,0.5,38.997073260402445
additive,F134W_D304I,F134W;D304I,134+304,2,341.3333333333333,260.93778272193504,31.952919233745806,61.51165905042171,80.39555061139828,0.2,0.5,0.0,0.5,57.07092249336248
epistatic,F134W_D304I,F134W;D304I,134+304,2,341.3333333333333,270.0050321294542,314.7342078717624,319.09295942756677,71.32830120387911,0.2,0.5,4.0,0.5,42.739565047436244
additive,F134W_D304R,F134W;D304R,134+304,2,248.0,260.5662552763694,29.360235851097332,60.86445937840787,12.566255276369418,0.2,0.5,0.0,0.5,60.217753999756674
epistatic,F134W_D304R,F134W;D304R,134+304,2,248.0,254.45215995832967,244.0079611837791,249.76457732684682,6.452159958329673,0.2,0.5,4.0,0.5,46.10185030175194
additive,F134W_D304E,F134W;D304E,134+304,2,239.66666666666666,271.65717767821843,29.354030156154703,60.865693921873174,31.990511011551774,0.2,0.5,0.0,0.5,59.38243686805837
epistatic,F134W_D304E,F134W;D304E,134+304,2,239.66666666666666,291.34285697787175,244.0144556768397,249.7719523674487,51.67619031120509,0.2,0.5,4.0,0.5,43.24605918488578
additive,F134W_D304S,F134W;D304S,134+304,2,222.5,272.30422494098116,32.36476763325448,62.35461598788691,49.80422494098116,0.2,0.5,0.0,0.5,59.197881678950964
epistatic,F134W_D304S,F134W;D304S,134+304,2,222.5,283.6576167571878,319.13670570061663,323.556574460301,61.15761675718778,0.2,0.5,4.0,0.5,43.88647715560375
additive,F134W_D304V,F134W;D304V,134+304,2,202.33333333333334,266.5989803585713,29.42239563643219,60.80839479973578,64.26564702523794,0.2,0.5,0.0,0.5,59.21631042480368
epistatic,F134W_D304V,F134W;D304V,134+304,2,202.33333333333334,267.2784788661925,243.67172369603455,249.41510066980786,64.94514553285913,0.2,0.5,4.0,0.5,43.92867450055485
additive,D99R_D304M,D99R;D304M,99+304,2,139.0,188.5129153905602,28.36036768532032,59.73215057330333,49.51291539056021,0.2,0.5,0.0,0.5,59.28756533210249
epistatic,D99R_D304M,D99R;D304M,99+304,2,139.0,197.51037218494827,139.6978880343021,174.84272174930612,58.51037218494827,0.2,0.5,2.0,1.0,43.763412907525336
additive,D99R_F134W,D99R;F134W,99+134,2,243.0,238.38429117108157,27.045667151498026,59.78600037207442,4.615708828918429,0.2,0.5,0.0,0.5,60.453039992707545
epistatic,D99R_F134W,D99R;F134W,99+134,2,243.0,283.2996778920879,184.92054147355498,213.4647455064958,40.299677892087914,0.2,0.5,4.0,1.0,44.40015861971204
additive,D99R_F134W_R330A,D99R;F134W;R330A,99+134+330,3,406.0,286.9925593656631,29.361628425941582,59.074993160166045,119.00744063433689,0.2,0.5,0.0,0.5,57.315275130474625
epistatic,D99R_F134W_R330A,D99R;F134W;R330A,99+134+330,3,406.0,264.15104097417037,209.54986554746233,211.79503300232932,141.84895902582963,0.2,0.5,4.0,0.3,37.31838475951863
additive,D99R_F134W_D304M,D99R;F134W;D304M,99+134+304,3,248.0,285.2105361661749,23.58844259892349,58.29985926600946,37.210536166174904,0.2,0.5,0.0,0.5,59.519637160123075
epistatic,D99R_F134W_D304M,D99R;F134W;D304M,99+134+304,3,248.0,208.73989148227056,59.241976642535526,67.3267927674005,39.260108517729435,0.2,0.5,2.0,0.3,44.20490353928515
additive,D99G_F134W_D304M,D99G;F134W;D304M,99+134+304,3,266.0,287.49682743625846,26.9869850767707,59.71556057383562,21.496827436258457,0.2,0.5,0.0,0.5,59.80961525378932
epistatic,D99G_F134W_D304M,D99G;F134W;D304M,99+134+304,3,266.0,286.32514711199934,206.26435161983542,213.0320012586482,20.325147111999343,0.2,0.5,4.0,0.5,46.160933681594805
additive,D99V_F134W_D304M,D99V;F134W;D304M,99+134+304,3,201.0,283.2297665666671,26.9043884707068,59.624114826441094,82.22976656666708,0.2,0.5,0.0,0.5,57.77763152382483
epistatic,D99V_F134W_D304M,D99V;F134W;D304M,99+134+304,3,201.0,268.7070395250755,206.0030207643484,212.763797470083,67.70703952507552,0.2,0.5,4.0,0.5,44.21064306843796
additive,F134W_D304M_R330A,F134W;D304M;R330A,134+304+330,3,520.0,339.12372592805934,22.878943159172557,52.48295496473122,180.87627407194066,0.2,0.5,0.0,0.5,55.14229536637992
epistatic,F134W_D304M_R330A,F134W;D304M;R330A,134+304+330,3,520.0,455.7466395800294,167.0715890685402,173.620074863584,64.25336041997059,0.2,0.5,4.0,0.5,45.04270433444245
additive,F134W_D304M_R330Q,F134W;D304M;R330Q,134+304+330,3,372.0,287.9102797145815,25.58388856292276,57.97729743406229,84.08972028541848,0.2,0.5,0.0,0.5,56.03788996902969
epistatic,F134W_D304M_R330Q,F134W;D304M;R330Q,134+304+330,3,372.0,397.93565241992394,196.71004876720454,203.47401541659724,25.93565241992394,0.2,0.5,4.0,0.5,44.28915441271311
additive,D99R_F134W_D304M_R330A,D99R;F134W;D304M;R330A,99+134+304+330,4,296.0,399.39338226706775,17.962668885996962,36.568895139340256,103.39338226706775,0.2,0.5,0.0,0.3,56.99187914312284
epistatic,D99R_F134W_D304M_R330A,D99R;F134W;D304M;R330A,99+134+304+330,4,296.0,407.18194739096884,157.82378290506543,161.00612742585085,111.18194739096884,0.2,0.5,4.0,0.3,32.50398689576734
additive,D99G_F134W_D304M_R330A,D99G;F134W;D304M;R330A,99+134+304+330,4,410.0,345.15032708168394,28.169364916344854,58.40182836668931,64.84967291831606,0.2,0.5,0.0,0.5,58.51071723642247
epistatic,D99G_F134W_D304M_R330A,D99G;F134W;D304M;R330A,99+134+304+330,4,410.0,364.9921911067196,220.01949921909588,225.88900033734217,45.00780889328041,0.2,0.5,4.0,0.5,45.23241496525176
additive,D99V_F134W_D304M_R330A,D99V;F134W;D304M;R330A,99+134+304+330,4,391.0,329.3290007090786,28.40122136359283,58.919357688442666,61.67099929092137,0.2,0.5,0.0,0.5,58.74465571574636
epistatic,D99V_F134W_D304M_R330A,D99V;F134W;D304M;R330A,99+134+304+330,4,391.0,307.81436297272245,222.00516938887628,227.92796355616068,83.18563702727755,0.2,0.5,4.0,0.5,42.79534129359446
additive,D99R_F134W_D304M_R330Q,D99R;F134W;D304M;R330Q,99+134+304+330,4,255.0,296.68200695626786,27.891492044976445,60.15916344829035,41.682006956267855,0.2,0.5,0.0,0.5,59.70279375968056
epistatic,D99R_F134W_D304M_R330Q,D99R;F134W;D304M;R330Q,99+134+304+330,4,255.0,200.13812803692113,229.1788933642455,235.2958877285435,54.86187196307887,0.2,0.5,4.0,0.5,42.098649143023714
additive,D99G_F134W_D304M_R330Q,D99G;F134W;D304M;R330Q,99+134+304+330,4,258.0,302.22169697899244,29.775081476622823,61.048891323139905,44.22169697899244,0.2,0.5,0.0,0.5,59.50203297543993
epistatic,D99G_F134W_D304M_R330Q,D99G;F134W;D304M;R330Q,99+134+304+330,4,258.0,269.8022337712183,229.20462725814104,235.31929970019115,11.802233771218312,0.2,0.5,4.0,0.5,45.86817048544401
additive,D99V_F134W_D304M_R330Q,D99V;F134W;D304M;R330Q,99+134+304+330,4,205.0,297.2083530174964,29.715318787064113,60.96301850729901,92.20835301749639,0.2,0.5,0.0,0.5,58.10412375912326
epistatic,D99V_F134W_D304M_R330Q,D99V;F134W;D304M;R330Q,99+134+304+330,4,205.0,256.2382019010206,137.5930021982228,173.97066440505964,51.2382019010206,0.2,0.5,2.0,1.0,46.082269006365536
