variant_id,mutations,mutation_signature,mutation_order,observed,predicted,predicted_std_observed,abs_error,selected_descriptor_set,selected_model,selected_lengthscale,selected_sigma_main,selected_sigma_epi,selected_sigma_noise,inner_mae
WT,,WT,0,77.66666666666667,86.27621329617776,86.09016381259127,8.609546629511087,esm2_target,epistatic,0.2,0.5,2.0,0.5,47.27051742540605
D99G,D99G,99,1,144.0,153.7016622536986,297.5075252819312,9.7016622536986,kidera,epistatic,0.2,0.5,4.0,0.5,45.51018699394614
D99V,D99V,99,1,147.66666666666666,122.96697622660375,297.80510530675645,24.69969044006291,kidera,epistatic,0.2,0.5,4.0,0.5,45.03663407359767
D99R,D99R,99,1,194.0,168.55179304791056,113.11100406218905,25.448206952089436,esm2_target,epistatic,0.2,0.5,2.0,0.5,45.729805152927824
F134W,F134W,134,1,217.0,231.82508730909387,108.8151680744118,14.825087309093874,esm2_target,epistatic,0.2,0.5,2.0,0.5,48.073139188593835
D304M,D304M,304,1,233.5,218.21689553044166,107.86830537193761,15.283104469558339,esm2_target,epistatic,0.2,0.5,2.0,0.5,46.83814039016258
D304E,D304E,304,1,171.25,130.3544078435553,248.1111014472555,40.89559215644471,kidera,epistatic,0.5,0.5,4.0,0.5,43.8708929030089
D304Q,D304Q,304,1,157.0,160.67072735186375,320.54559130281143,3.6707273518637464,kidera,epistatic,0.2,0.5,4.0,0.5,45.38839640635235
D304V,D304V,304,1,131.5,108.41700618339749,245.70056562499784,23.08299381660251,kidera,epistatic,0.2,0.5,4.0,0.5,45.3369022411269
D304W,D304W,304,1,130.0,163.7488813807359,318.20554596711116,33.748881380735895,kidera,epistatic,0.2,0.5,4.0,0.5,44.53309163797691
D304R,D304R,304,1,123.0,143.36877531773985,245.08163151014884,20.368775317739846,kidera,epistatic,0.2,0.5,4.0,0.5,45.79291517961028
D304L,D304L,304,1,137.5,231.5551830123764,246.29337658774242,94.0551830123764,kidera,epistatic,0.2,0.5,4.0,0.5,41.828300820388485
R330A,R330A,330,1,147.0,238.49522077629612,259.66246772596725,91.49522077629612,kidera,epistatic,0.2,0.5,4.0,0.5,43.10031971435325
R330Q,R330Q,330,1,140.66666666666666,124.28878851874457,300.1734372904438,16.37787814792209,kidera,epistatic,0.2,0.5,4.0,0.5,45.14317443338898
F134W_D304M,F134W;D304M,134+304,2,409.6666666666667,373.63469243162103,83.86950147559939,36.03197423504565,kidera,epistatic,0.2,0.5,2.0,0.5,47.79454675787644
F134W_D304L,F134W;D304L,134+304,2,370.3333333333333,247.75700935412576,243.85084874304872,122.57632397920756,kidera,epistatic,0.2,0.5,4.0,0.5,38.997073260402445
F134W_D304I,F134W;D304I,134+304,2,341.3333333333333,270.0050321294542,319.09295942756677,71.32830120387911,kidera,epistatic,0.2,0.5,4.0,0.5,42.739565047436244
F134W_D304R,F134W;D304R,134+304,2,248.0,254.45215995832967,249.76457732684682,6.452159958329673,kidera,epistatic,0.2,0.5,4.0,0.5,46.10185030175194
F134W_D304E,F134W;D304E,134+304,2,239.66666666666666,291.34285697787175,249.7719523674487,51.67619031120509,kidera,epistatic,0.2,0.5,4.0,0.5,43.24605918488578
F134W_D304S,F134W;D304S,134+304,2,222.5,283.6576167571878,323.556574460301,61.15761675718778,kidera,epistatic,0.2,0.5,4.0,0.5,43.88647715560375
F134W_D304V,F134W;D304V,134+304,2,202.33333333333334,275.11884177301465,246.37948211530806,72.78550843968131,esm2_target,epistatic,0.2,0.5,4.0,0.5,43.67914153261521
D99R_D304M,D99R;D304M,99+304,2,139.0,184.96956319066499,118.77023756218138,45.969563190664985,esm2_target,epistatic,0.2,0.5,2.0,0.5,44.30380076954424
D99R_F134W,D99R;F134W,99+134,2,243.0,282.34908083884727,109.43943296888001,39.34908083884727,esm2_target,epistatic,0.2,0.5,2.0,0.5,44.25605742612304
D99R_F134W_R330A,D99R;F134W;R330A,99+134+330,3,406.0,263.2985591966969,226.99451670724198,142.70144080330311,kidera,epistatic,0.2,0.5,4.0,0.5,37.48028378121307
D99R_F134W_D304M,D99R;F134W;D304M,99+134+304,3,248.0,208.19649500324266,130.25733391528775,39.80350499675734,esm2_target,epistatic,0.2,0.5,4.0,0.5,43.49843710432959
D99G_F134W_D304M,D99G;F134W;D304M,99+134+304,3,266.0,286.32514711199934,213.0320012586482,20.325147111999343,kidera,epistatic,0.2,0.5,4.0,0.5,46.160933681594805
D99V_F134W_D304M,D99V;F134W;D304M,99+134+304,3,201.0,268.7070395250755,212.763797470083,67.70703952507552,kidera,epistatic,0.2,0.5,4.0,0.5,44.21064306843796
F134W_D304M_R330A,F134W;D304M;R330A,134+304+330,3,520.0,455.71287666766557,175.81284808352456,64.28712333233443,esm2_target,epistatic,0.2,0.5,4.0,0.5,45.00304247492966
F134W_D304M_R330Q,F134W;D304M;R330Q,134+304+330,3,372.0,397.93565241992394,203.47401541659724,25.93565241992394,kidera,epistatic,0.2,0.5,4.0,0.5,44.28915441271311
D99R_F134W_D304M_R330A,D99R;F134W;D304M;R330A,99+134+304+330,4,296.0,412.4393053778774,182.33516179908662,116.43930537787742,esm2_target,epistatic,0.2,0.5,4.0,0.5,32.72472644134404
D99G_F134W_D304M_R330A,D99G;F134W;D304M;R330A,99+134+304+330,4,410.0,364.9921911067196,225.88900033734217,45.00780889328041,kidera,epistatic,0.2,0.5,4.0,0.5,45.23241496525176
D99V_F134W_D304M_R330A,D99V;F134W;D304M;R330A,99+134+304+330,4,391.0,307.81436297272245,227.92796355616068,83.18563702727755,kidera,epistatic,0.2,0.5,4.0,0.5,42.79534129359446
D99R_F134W_D304M_R330Q,D99R;F134W;D304M;R330Q,99+134+304+330,4,255.0,200.13812803692113,235.2958877285435,54.86187196307887,kidera,epistatic,0.2,0.5,4.0,0.5,42.098649143023714
D99G_F134W_D304M_R330Q,D99G;F134W;D304M;R330Q,99+134+304+330,4,258.0,269.8022337712183,235.31929970019115,11.802233771218312,kidera,epistatic,0.2,0.5,4.0,0.5,45.86817048544401
D99V_F134W_D304M_R330Q,D99V;F134W;D304M;R330Q,99+134+304+330,4,205.0,235.56795026455023,235.02692795068023,30.567950264550234,kidera,epistatic,0.2,0.5,4.0,0.5,46.583187503673585
