variant_id,mutations,mutation_signature,mutation_order,observed,predicted,predicted_std_latent,predicted_std_observed,abs_error,training_distance_scale,resolved_lengthscale,min_train_kernel_eigenvalue,selected_descriptor_set,selected_model,selected_pca_components,selected_lengthscale_multiplier,selected_sigma_main,selected_sigma_epi,selected_sigma_noise,inner_mae
WT,,WT,0,77.66666666666667,107.59920165816683,54.26187104557793,74.71368742356813,29.932534991500162,1.6851495901680715,0.8425747950840358,0.004570205103467842,physical,epistatic,,0.5,0.5,2.0,0.5,43.3771575586223
D99G,D99G,99,1,144.0,157.79302863910527,152.19796146491197,161.0450576244047,13.793028639105273,1.6851495901680715,0.8425747950840358,-2.7911968254689004e-16,physical,epistatic,,0.5,0.5,2.0,0.5,42.076176221332936
D99V,D99V,99,1,147.66666666666666,129.25861550942653,153.98573078631821,162.75218747770413,18.408051157240124,1.6851495901680715,0.8425747950840358,9.022637862022523e-17,physical,epistatic,,0.5,0.5,2.0,0.5,41.80426248195346
D99R,D99R,99,1,194.0,198.7677083337062,87.73490525175572,102.58643270605535,4.767708333706196,1.6851495901680715,0.8425747950840358,0.0045373039255103,physical,epistatic,,0.5,0.5,2.0,0.5,43.422963024457644
F134W,F134W,134,1,217.0,223.92920675422695,65.95667785974904,84.78901460771584,6.9292067542269535,1.6851495901680715,0.8425747950840358,0.004543249122334572,physical,epistatic,,0.5,0.5,2.0,0.5,43.037778974215186
D304M,D304M,304,1,233.5,185.87979235350105,51.370428644844395,74.03768002443046,47.620207646498955,1.6851495901680715,0.8425747950840358,0.0026508258857386212,physical,epistatic,,0.5,0.5,2.0,0.5,42.0382872833674
D304E,D304E,304,1,171.25,127.33264581625633,46.58926851807715,70.54649976369116,43.91735418374367,1.6851495901680715,0.8425747950840358,6.724221873754405e-16,physical,epistatic,,0.5,0.5,2.0,0.5,41.61368416695275
D304Q,D304Q,304,1,157.0,149.6389481583459,55.87931017313352,76.88894661450594,7.361051841654103,1.6851495901680715,0.8425747950840358,-1.3271463126848368e-17,physical,epistatic,,0.5,0.5,2.0,0.5,43.003091060825895
D304V,D304V,304,1,131.5,28.17197342495919,141.04969996936893,150.48720367706474,103.32802657504081,1.6851495901680715,0.8425747950840358,1.3253930423214617e-16,physical,epistatic,,0.5,0.5,4.0,0.5,39.10831034834054
D304W,D304W,304,1,130.0,166.2087405857204,163.10134523384974,171.32097476923775,36.20874058572039,1.6851495901680715,0.8425747950840358,1.2135721867272347e-15,physical,epistatic,,0.5,0.5,2.0,0.5,41.237521439283945
D304R,D304R,304,1,123.0,177.25304936671682,106.26479869921637,118.44263111232237,54.25304936671682,1.6851495901680715,0.8425747950840358,-1.2046392445271701e-15,physical,epistatic,,0.5,0.5,2.0,0.5,40.39820334696138
D304L,D304L,304,1,137.5,213.10876812775356,41.484139933298955,66.94905272281422,75.60876812775356,1.6851495901680715,0.8425747950840358,-1.3619849449697914e-15,physical,epistatic,,0.5,0.5,2.0,0.5,38.57995693253925
R330A,R330A,330,1,147.0,268.43947834964905,142.68042438265493,152.09671429717602,121.43947834964905,1.6851495901680715,0.8425747950840358,3.870074770163762e-16,physical,epistatic,,0.5,0.5,2.0,0.5,36.13874605034769
R330Q,R330Q,330,1,140.66666666666666,115.28853526719756,132.8453051258362,142.87790251710948,25.378131399469098,1.6851495901680715,0.8425747950840358,3.912055067860461e-16,physical,epistatic,,0.5,0.5,2.0,0.5,41.20413689001551
F134W_D304M,F134W;D304M,134+304,2,409.6666666666667,366.7254018342961,39.24109351079108,64.48261381683294,42.941264832370564,1.6851495901680715,0.8425747950840358,0.002619628242784293,physical,epistatic,,0.5,0.5,2.0,0.5,42.256000988626
F134W_D304L,F134W;D304L,134+304,2,370.3333333333333,341.476958266546,31.686267880233043,60.944763730214284,28.856375066787336,1.6851495901680715,0.8425747950840358,7.216130340692259e-16,physical,epistatic,,0.5,0.5,2.0,0.5,41.85401870705169
F134W_D304I,F134W;D304I,134+304,2,341.3333333333333,346.32321606114584,34.07143240763656,62.6383082297502,4.989882727812528,1.6851495901680715,0.8425747950840358,1.887708249597144e-17,physical,epistatic,,0.5,0.5,2.0,0.5,42.67206769135413
F134W_D304R,F134W;D304R,134+304,2,248.0,230.32351549258252,113.47823132616112,125.37849875918732,17.676484507417484,1.6851495901680715,0.8425747950840358,3.363427439520164e-16,physical,epistatic,,0.5,0.5,2.0,0.5,42.14210578437701
F134W_D304E,F134W;D304E,134+304,2,239.66666666666666,265.1167880915161,70.44482627825737,88.34844174945344,25.45012142484947,1.6851495901680715,0.8425747950840358,-8.462802035025473e-16,physical,epistatic,,0.5,0.5,2.0,0.5,41.65487288464581
F134W_D304S,F134W;D304S,134+304,2,222.5,219.98975310111294,143.5484122986724,153.123370601982,2.510246898887061,1.6851495901680715,0.8425747950840358,-1.722060531634017e-15,physical,epistatic,,0.5,0.5,2.0,0.5,42.31697879348601
F134W_D304V,F134W;D304V,134+304,2,202.33333333333334,292.18506575634115,80.4519453608234,96.4598311499388,89.8517324230078,1.6851495901680715,0.8425747950840358,-4.436638861477846e-16,physical,epistatic,,0.5,0.5,2.0,0.5,39.17484365377079
D99R_D304M,D99R;D304M,99+304,2,139.0,144.95324289967198,91.43893454387813,105.47368443069035,5.953242899671977,1.6851495901680715,0.8425747950840358,0.00452860451529995,physical,epistatic,,0.5,0.5,2.0,0.5,43.04556911562662
D99R_F134W,D99R;F134W,99+134,2,243.0,267.88271936475144,85.3416830670214,100.62852775198488,24.882719364751438,1.6851495901680715,0.8425747950840358,0.004517900601753026,physical,epistatic,,0.5,0.5,2.0,0.5,42.6749036524479
D99R_F134W_R330A,D99R;F134W;R330A,99+134+330,3,406.0,241.46274688833932,124.80656307755106,134.92378507987885,164.53725311166068,1.6851495901680715,0.8425747950840358,-2.7511957385393106e-15,physical,epistatic,,0.5,0.5,2.0,0.5,32.94228311237246
D99R_F134W_D304M,D99R;F134W;D304M,99+134+304,3,248.0,229.60198347431657,67.65888983252418,86.14049186975568,18.39801652568343,1.6851495901680715,0.8425747950840358,0.0044910375060868545,physical,epistatic,,0.5,0.5,2.0,0.5,42.6549089525861
D99G_F134W_D304M,D99G;F134W;D304M,99+134+304,3,266.0,273.97818905740536,94.72877513476503,108.67930644628932,7.978189057405359,1.6851495901680715,0.8425747950840358,-1.691444741430514e-15,physical,epistatic,,0.5,0.5,2.0,0.5,42.98245442115031
D99V_F134W_D304M,D99V;F134W;D304M,99+134+304,3,201.0,248.58634518204445,95.49101870180789,109.31479132561593,47.586345182044454,1.6851495901680715,0.8425747950840358,-8.740661156113543e-16,physical,epistatic,,0.5,0.5,2.0,0.5,41.81879225087761
F134W_D304M_R330A,F134W;D304M;R330A,134+304+330,3,520.0,431.96254328642215,91.45996590758737,102.93658186265172,88.03745671357785,1.6851495901680715,0.8425747950840358,-1.470447371758736e-15,physical,epistatic,,0.5,0.5,2.0,0.5,39.728004046824424
F134W_D304M_R330Q,F134W;D304M;R330Q,134+304+330,3,372.0,388.432862245386,86.8080192167011,101.20505849059532,16.43286224538599,1.6851495901680715,0.8425747950840358,-2.136602209601946e-15,physical,epistatic,,0.5,0.5,2.0,0.5,41.958742848192614
D99R_F134W_D304M_R330A,D99R;F134W;D304M;R330A,99+134+304+330,4,296.0,426.43090376534946,95.3303578221612,109.11592182303396,130.43090376534946,1.6851495901680715,0.8425747950840358,8.023389175279392e-16,physical,epistatic,,0.5,0.5,2.0,0.5,29.706491848105934
D99G_F134W_D304M_R330A,D99G;F134W;D304M;R330A,99+134+304+330,4,410.0,372.5266106058582,118.37313009173495,128.95525721930397,37.473389394141805,1.6851495901680715,0.8425747950840358,-1.1384359577250083e-15,physical,epistatic,,0.5,0.5,2.0,0.5,42.3593205798583
D99V_F134W_D304M_R330A,D99V;F134W;D304M;R330A,99+134+304+330,4,391.0,317.7113161918909,120.63652043808794,131.21749654251167,73.28868380810911,1.6851495901680715,0.8425747950840358,-1.875834951413007e-15,physical,epistatic,,0.5,0.5,2.0,0.5,40.333215930029745
D99R_F134W_D304M_R330Q,D99R;F134W;D304M;R330Q,99+134+304+330,4,255.0,220.06890210262344,101.3437719263316,114.50654883699642,34.93109789737656,1.6851495901680715,0.8425747950840358,-9.104172698881963e-16,physical,epistatic,,0.5,0.5,2.0,0.5,40.72029903420145
D99G_F134W_D304M_R330Q,D99G;F134W;D304M;R330Q,99+134+304+330,4,258.0,271.3122009380514,103.13246354047295,116.08926173756126,13.312200938051376,1.6851495901680715,0.8425747950840358,-1.0071768735825604e-15,physical,epistatic,,0.5,0.5,2.0,0.5,42.709214941523946
D99V_F134W_D304M_R330Q,D99V;F134W;D304M;R330Q,99+134+304+330,4,205.0,230.2526234497074,103.94330916292749,116.78056762426,25.252623449707386,1.6851495901680715,0.8425747950840358,-7.932119835726059e-16,physical,epistatic,,0.5,0.5,2.0,0.5,43.326158275278374
