source,component,lengthscale_multiplier,reference_distance_scale,resolved_lengthscale,n_finite_offdiagonal_pairs,n_identical_pairs,fraction_identical_pairs,n_nonidentical_pairs,kernel_q05_nonidentical,kernel_q25_nonidentical,kernel_median_nonidentical,kernel_q75_nonidentical,kernel_q95_nonidentical,fraction_nonidentical_kernel_lt_1e-3,fraction_nonidentical_kernel_lt_0p01,fraction_nonidentical_kernel_gt_0p9
kidera,99,0.5,4.737383438449742,2.368691719224871,595,217,0.36470588235294116,378,0.04968962751847771,0.10594331340838142,0.14946403788911633,0.16995580827633416,0.16995580827633416,0.0,0.0,0.015873015873015872
kidera,99,1.0,4.737383438449742,4.737383438449742,595,217,0.36470588235294116,378,0.4721352596586947,0.5705167346703588,0.6217763193697491,0.6420724014797631,0.6420724014797631,0.0,0.0,0.015873015873015872
kidera,99,2.0,4.737383438449742,9.474766876899483,595,217,0.36470588235294116,378,0.828927616540679,0.8690946909851273,0.8879909597350881,0.8951503807027281,0.8951503807027281,0.0,0.0,0.015873015873015872
kidera,134,0.5,4.737383438449742,2.368691719224871,595,91,0.15294117647058825,504,0.10669267237648117,0.10669267237648117,0.10669267237648117,0.9999999999999994,0.9999999999999998,0.0,0.0,0.4166666666666667
kidera,134,1.0,4.737383438449742,4.737383438449742,595,91,0.15294117647058825,504,0.5715229154586932,0.5715229154586932,0.5715229154586932,0.9999999999999999,1.0,0.0,0.0,0.4166666666666667
kidera,134,2.0,4.737383438449742,9.474766876899483,595,91,0.15294117647058825,504,0.8694776283224943,0.8694776283224943,0.8694776283224943,1.0,1.0,0.0,0.0,0.4166666666666667
kidera,304,0.5,4.737383438449742,2.368691719224871,595,48,0.08067226890756303,547,0.06537688855884197,0.10080683996059699,0.14946403788911633,0.2329821902774583,0.9999999999999998,0.0,0.0,0.15173674588665448
kidera,304,1.0,4.737383438449742,4.737383438449742,595,48,0.08067226890756303,547,0.5044712229214118,0.5634722078953379,0.6217763193697491,0.6947509342888069,1.0,0.0,0.0,0.15173674588665448
kidera,304,2.0,4.737383438449742,9.474766876899483,595,48,0.08067226890756303,547,0.8426509314360727,0.8663993644866611,0.8879909597350881,0.912971432820429,1.0,0.0,0.0,0.3692870201096892
kidera,330,0.5,4.737383438449742,2.368691719224871,595,301,0.5058823529411764,294,0.08762168384669956,0.08762168384669959,0.13533528323661267,0.13533528323661267,0.18849175268461585,0.0,0.0,0.0
kidera,330,1.0,4.737383438449742,4.737383438449742,595,301,0.5058823529411764,294,0.5440676437141726,0.5440676437141726,0.6065306597126334,0.6065306597126334,0.6589054324654313,0.0,0.0,0.0
kidera,330,2.0,4.737383438449742,9.474766876899483,595,301,0.5058823529411764,294,0.8588419012550618,0.8588419012550618,0.8824969025845953,0.8824969025845953,0.9009605436296171,0.0,0.0,0.10204081632653061
vhse,99,0.5,3.4635213583036415,1.7317606791518207,595,206,0.346218487394958,389,0.0005320311223718021,0.002458459580751288,0.010440655359836794,0.013272687395689162,0.013272687395689162,0.07197943444730077,0.390745501285347,0.043701799485861184
vhse,99,1.0,3.4635213583036415,3.4635213583036415,595,206,0.346218487394958,389,0.15187428960310048,0.22267208112818973,0.31965532241742994,0.33942178765220593,0.33942178765220593,0.0,0.0,0.043701799485861184
vhse,99,2.0,3.4635213583036415,6.927042716607283,595,206,0.346218487394958,389,0.6242679875360297,0.6869362612204128,0.7519180062000266,0.7632818388441867,0.7632818388441867,0.0,0.0,0.043701799485861184
vhse,134,0.5,3.4635213583036415,1.7317606791518207,595,301,0.5058823529411764,294,0.44916954599399667,0.44916954599399667,0.44916954599399667,0.44916954599399667,0.4491695459939969,0.0,0.0,0.0
vhse,134,1.0,3.4635213583036415,3.4635213583036415,595,301,0.5058823529411764,294,0.8186581237242991,0.8186581237242991,0.8186581237242991,0.8186581237242991,0.8186581237242992,0.0,0.0,0.0
vhse,134,2.0,3.4635213583036415,6.927042716607283,595,301,0.5058823529411764,294,0.9512083279813675,0.9512083279813675,0.9512083279813675,0.9512083279813675,0.9512083279813675,0.0,0.0,1.0
vhse,304,0.5,3.4635213583036415,1.7317606791518207,595,130,0.2184873949579832,465,0.007208134532443236,0.01800931820557996,0.03539518126173862,0.27849392867125755,0.49612559110438564,0.0,0.060215053763440864,0.002150537634408602
vhse,304,1.0,3.4635213583036415,3.4635213583036415,595,130,0.2184873949579832,465,0.29137730420100894,0.3663315452682899,0.4337465517257779,0.7264469972076106,0.8392626719420759,0.0,0.0,0.010752688172043012
vhse,304,2.0,3.4635213583036415,6.927042716607283,595,130,0.2184873949579832,465,0.7347065814338568,0.7779802633586009,0.81153827741936,0.9232110272107856,0.9571378193601391,0.0,0.0,0.27956989247311825
vhse,330,0.5,3.4635213583036415,1.7317606791518207,595,25,0.04201680672268908,570,0.004150848952234008,0.004150848952234008,0.23165363123260904,0.9999999999999994,0.9999999999999994,0.0,0.25263157894736843,0.4842105263157895
vhse,330,1.0,3.4635213583036415,3.4635213583036415,595,25,0.04201680672268908,570,0.2538249050899205,0.2538249050899205,0.6937608336770843,0.9999999999999999,0.9999999999999999,0.0,0.0,0.4842105263157895
vhse,330,2.0,3.4635213583036415,6.927042716607283,595,25,0.04201680672268908,570,0.7097960172106386,0.7097960172106386,0.9126461887726743,1.0,1.0,0.0,0.0,0.5368421052631579
z_scales,99,0.5,3.05129229668588,1.52564614834294,595,223,0.37478991596638656,372,0.018160696633598296,0.019691347334008902,0.041040937229650264,0.13533528323661267,0.13533528323661267,0.0,0.0,0.0
z_scales,99,1.0,3.05129229668588,3.05129229668588,595,223,0.37478991596638656,372,0.36709893616901634,0.37460093598987937,0.45009513369503473,0.6065306597126334,0.6065306597126334,0.0,0.0,0.0
z_scales,99,2.0,3.05129229668588,6.10258459337176,595,223,0.37478991596638656,372,0.7783873717349844,0.7823340172611376,0.8190795431289671,0.8824969025845953,0.8824969025845953,0.0,0.0,0.043010752688172046
z_scales,134,0.5,3.05129229668588,1.52564614834294,595,210,0.35294117647058826,385,0.37947056702307186,0.379470567023072,0.379470567023072,0.379470567023072,0.9999999999999999,0.0,0.0,0.23636363636363636
z_scales,134,1.0,3.05129229668588,3.05129229668588,595,210,0.35294117647058826,385,0.7848642072160561,0.7848642072160562,0.7848642072160562,0.7848642072160562,1.0,0.0,0.0,0.23636363636363636
z_scales,134,2.0,3.05129229668588,6.10258459337176,595,210,0.35294117647058826,385,0.9412362199351404,0.9412362199351404,0.9412362199351404,0.9412362199351404,1.0,0.0,0.0,1.0
z_scales,304,0.5,3.05129229668588,1.52564614834294,595,131,0.22016806722689075,464,0.019691347334008902,0.03725118242623994,0.06260493647425805,0.22615511549059134,0.5668451036022613,0.0,0.02586206896551724,0.008620689655172414
z_scales,304,1.0,3.05129229668588,3.05129229668588,595,131,0.22016806722689075,464,0.37460093598987937,0.43932408751532775,0.5002097409378221,0.6896069089848523,0.8676930120642508,0.0,0.0,0.036637931034482756
z_scales,304,2.0,3.05129229668588,6.10258459337176,595,131,0.22016806722689075,464,0.7823340172611376,0.8141346780791365,0.8409845865864461,0.9112769829183528,0.9651426884415131,0.0,0.0,0.30603448275862066
z_scales,330,0.5,3.05129229668588,1.52564614834294,595,286,0.48067226890756304,309,0.030447414445159183,0.030447414445159183,0.2232750314244929,0.2232750314244929,0.37952281596773424,0.0,0.0,0.04854368932038835
z_scales,330,1.0,3.05129229668588,3.05129229668588,595,286,0.48067226890756304,309,0.4177222462496739,0.4177222462496739,0.6874008103757986,0.6874008103757986,0.784891222624407,0.0,0.0,0.04854368932038835
z_scales,330,2.0,3.05129229668588,6.10258459337176,595,286,0.48067226890756304,309,0.8039367858209722,0.8039367858209722,0.9105472979682924,0.9105472979682924,0.9412443192828982,0.0,0.0,0.5339805825242718
atchley,99,0.5,3.532380713144198,1.766190356572099,595,223,0.37478991596638656,372,0.025311827123226677,0.028179349841470257,0.028179349841470257,0.13533528323661267,0.29664417089613676,0.0,0.0,0.0
atchley,99,1.0,3.532380713144198,3.532380713144198,595,223,0.37478991596638656,372,0.39886954146090653,0.40971582837998727,0.40971582837998727,0.6065306597126334,0.7380044061106944,0.0,0.0,0.0
atchley,99,2.0,3.532380713144198,7.064761426288396,595,223,0.37478991596638656,372,0.7947082444255263,0.8000565508296399,0.8000565508296399,0.8824969025845953,0.9268612777867119,0.0,0.0,0.11827956989247312
atchley,134,0.5,3.532380713144198,1.766190356572099,595,210,0.35294117647058826,385,0.5055089119999262,0.5055089119999262,0.5055089119999262,0.5055089119999262,0.9999999999999999,0.0,0.0,0.23636363636363636
atchley,134,1.0,3.532380713144198,3.532380713144198,595,210,0.35294117647058826,385,0.8432031186172733,0.8432031186172733,0.8432031186172733,0.8432031186172733,1.0,0.0,0.0,0.23636363636363636
atchley,134,2.0,3.532380713144198,7.064761426288396,595,210,0.35294117647058826,385,0.9582593181243407,0.9582593181243407,0.9582593181243407,0.9582593181243407,1.0,0.0,0.0,1.0
atchley,304,0.5,3.532380713144198,1.766190356572099,595,130,0.2184873949579832,465,0.025383472436091896,0.025383472436091896,0.14694106387535405,0.17594852273103484,0.569145511980969,0.0,0.030107526881720432,0.002150537634408602
atchley,304,1.0,3.532380713144198,3.532380713144198,595,130,0.2184873949579832,465,0.3991514931550511,0.3991514931550511,0.6191356263937882,0.6476590018818386,0.8685720078198025,0.0,0.0,0.030107526881720432
atchley,304,2.0,3.532380713144198,7.064761426288396,595,130,0.2184873949579832,465,0.794848647452717,0.794848647452717,0.8870466268321311,0.8970912104513532,0.9653870243493363,0.0,0.0,0.22795698924731184
atchley,330,0.5,3.532380713144198,1.766190356572099,595,286,0.48067226890756304,309,0.08865490690894719,0.08865490690894719,0.13185533430985025,0.13185533430985025,0.1797729351719758,0.0,0.0,0.04854368932038835
atchley,330,1.0,3.532380713144198,3.532380713144198,595,286,0.48067226890756304,309,0.5456644928175911,0.5456644928175911,0.6025934768232853,0.6025934768232853,0.651150048606775,0.0,0.0,0.04854368932038835
atchley,330,2.0,3.532380713144198,7.064761426288396,595,286,0.48067226890756304,309,0.8594713882603972,0.8594713882603972,0.881061261316603,0.881061261316603,0.898297661967778,0.0,0.0,0.04854368932038835
pcp,99,0.5,2.5932144235932295,1.2966072117966148,595,200,0.33613445378151263,395,0.0009572015513791123,0.00940868664473236,0.023837128564029347,0.07481556484479991,0.9999999999999996,0.07088607594936709,0.27341772151898736,0.05822784810126582
pcp,99,1.0,2.5932144235932295,2.5932144235932295,595,200,0.33613445378151263,395,0.17589392837848616,0.31144563691471594,0.3929284587277179,0.5229955453900916,0.9999999999999999,0.0,0.0,0.05822784810126582
pcp,99,2.0,2.5932144235932295,5.186428847186459,595,200,0.33613445378151263,395,0.6476087561646597,0.7470429348859338,0.7917323148201334,0.8504024396832225,1.0,0.0,0.0,0.05822784810126582
pcp,134,0.5,2.5932144235932295,1.2966072117966148,595,301,0.5058823529411764,294,0.4264989994245738,0.4264989994245738,0.4264989994245738,0.4264989994245738,0.4264989994245738,0.0,0.0,0.0
pcp,134,1.0,2.5932144235932295,2.5932144235932295,595,301,0.5058823529411764,294,0.808126789949529,0.808126789949529,0.808126789949529,0.808126789949529,0.808126789949529,0.0,0.0,0.0
pcp,134,2.0,2.5932144235932295,5.186428847186459,595,301,0.5058823529411764,294,0.948134339314351,0.948134339314351,0.948134339314351,0.948134339314351,0.948134339314351,0.0,0.0,1.0
pcp,304,0.5,2.5932144235932295,1.2966072117966148,595,129,0.21680672268907564,466,0.007858898170826214,0.03157282780684274,0.11589359760134771,0.13533528323661267,0.3567561070129088,0.0,0.14377682403433475,0.004291845493562232
pcp,304,1.0,2.5932144235932295,2.5932144235932295,595,129,0.21680672268907564,466,0.29774221533800466,0.4215298852337394,0.5834650695477264,0.6065306597126334,0.7728458052192324,0.0,0.0,0.008583690987124463
pcp,304,2.0,2.5932144235932295,5.186428847186459,595,129,0.21680672268907564,466,0.7386864009796485,0.8057625760808471,0.8739844692863713,0.8824969025845953,0.9376121219715153,0.0,0.0,0.09012875536480687
pcp,330,0.5,2.5932144235932295,1.2966072117966148,595,25,0.04201680672268908,570,0.003402863363019718,0.003402863363019718,0.30451236295509143,0.9999999999999996,0.9999999999999996,0.0,0.25263157894736843,0.4842105263157895
pcp,330,1.0,2.5932144235932295,2.5932144235932295,595,25,0.04201680672268908,570,0.24152446442650222,0.24152446442650222,0.7428501789853578,0.9999999999999999,0.9999999999999999,0.0,0.0,0.4842105263157895
pcp,330,2.0,2.5932144235932295,5.186428847186459,595,25,0.04201680672268908,570,0.7010359374658772,0.7010359374658772,0.9283789999160286,1.0,1.0,0.0,0.0,0.6947368421052632
physical,99,0.5,1.6851495901680715,0.8425747950840358,595,223,0.37478991596638656,372,0.0001782542573932428,0.014292360608113341,0.06326561580670466,0.13533528323661267,0.13533528323661267,0.07526881720430108,0.15053763440860216,0.0
physical,99,1.0,1.6851495901680715,1.6851495901680715,595,223,0.37478991596638656,372,0.1155473468431734,0.3457609886348011,0.5015242474464585,0.6065306597126334,0.6065306597126334,0.0,0.0,0.0
physical,99,2.0,1.6851495901680715,3.370299180336143,595,223,0.37478991596638656,372,0.5830287815090999,0.7668209999345185,0.8415365510306229,0.8824969025845953,0.8824969025845953,0.0,0.0,0.0
physical,134,0.5,1.6851495901680715,0.8425747950840358,595,210,0.35294117647058826,385,0.1508772439073666,0.1508772439073666,0.1508772439073666,0.1508772439073666,0.9999999999999994,0.0,0.0,0.23636363636363636
physical,134,1.0,1.6851495901680715,1.6851495901680715,595,210,0.35294117647058826,385,0.6232408849207742,0.6232408849207742,0.6232408849207742,0.6232408849207742,0.9999999999999999,0.0,0.0,0.23636363636363636
physical,134,2.0,1.6851495901680715,3.370299180336143,595,210,0.35294117647058826,385,0.8885134039648662,0.8885134039648662,0.8885134039648662,0.8885134039648662,1.0,0.0,0.0,0.23636363636363636
physical,304,0.5,1.6851495901680715,0.8425747950840358,595,130,0.2184873949579832,465,0.004298331584132907,0.004665081907643217,0.008446355104443205,0.42200406733172974,0.9713522079730049,0.002150537634408602,0.5096774193548387,0.1010752688172043
physical,304,1.0,1.6851495901680715,1.6851495901680715,595,130,0.2184873949579832,465,0.25605011708073033,0.2613453746924363,0.3031568138730517,0.8059890826299058,0.9927598000992294,0.0,0.0,0.17204301075268819
physical,304,2.0,1.6851495901680715,3.370299180336143,595,130,0.2184873949579832,465,0.7113465748088166,0.7149961521342512,0.7420220884527627,0.9475067003672473,0.9981850147437465,0.0,0.0,0.26666666666666666
physical,330,0.5,1.6851495901680715,0.8425747950840358,595,301,0.5058823529411764,294,0.00015306847829783078,0.00015306847829783078,0.007027076671673984,0.4542457890992182,0.4542457890992182,0.4897959183673469,0.5918367346938775,0.0
physical,330,1.0,1.6851495901680715,1.6851495901680715,595,301,0.5058823529411764,294,0.11122987295831599,0.11122987295831599,0.28953006845642953,0.8209613803218216,0.8209613803218216,0.0,0.0,0.0
physical,330,2.0,1.6851495901680715,3.370299180336143,595,301,0.5058823529411764,294,0.5775044835560097,0.5775044835560097,0.7335393536316225,0.9518766683746276,0.9518766683746276,0.0,0.0,0.40816326530612246
