variant_id,additive,epistatic,error_reduction_epistatic_vs_additive
F134W_D304M_R330A,180.87627407194066,64.25336041997059,116.62291365197007
WT,87.45809052591069,22.454658666008285,65.0034318599024
F134W_D304M,129.86108524526838,66.7890079817443,63.07207726352408
F134W_D304M_R330Q,84.08972028541848,25.93565241992394,58.15406786549454
R330A,144.478995341553,97.58135539921972,46.897639942333285
D99V_F134W_D304M_R330Q,92.20835301749639,51.2382019010206,40.97015111647579
D99V,65.51267024147549,24.69969044006291,40.81297980141258
D99R,68.48379239652363,35.55144317190741,32.93234922461622
D99G_F134W_D304M_R330Q,44.22169697899244,11.802233771218312,32.41946320777413
D304R,43.0986177647132,20.368775317739846,22.72984244697335
D99G_F134W_D304M_R330A,64.84967291831606,45.00780889328041,19.841864025035648
D304M,47.51994623618714,28.13316658803842,19.386779648148718
D99V_F134W_D304M,82.22976656666708,67.70703952507552,14.522727041591565
R330Q,30.04994221593742,16.37787814792209,13.672064068015331
F134W,46.872449071429514,35.41105471402108,11.461394357408437
F134W_D304I,80.39555061139828,71.32830120387911,9.06724940751917
D304Q,10.677096566073601,3.6707273518637464,7.006369214209855
D304W,40.14114999635427,33.748881380735895,6.392268615618377
F134W_D304R,12.566255276369418,6.452159958329673,6.114095318039745
D99G_F134W_D304M,21.496827436258457,20.325147111999343,1.171680324259114
D304V,24.19589368146262,23.08299381660251,1.1128998648601112
F134W_D304V,64.26564702523794,64.94514553285913,-0.6794985076211901
D99R_F134W_D304M,37.210536166174904,39.260108517729435,-2.0495723515545308
F134W_D304L,116.75553750202164,122.57632397920756,-5.820786477185919
D99G,2.6871380507841707,9.7016622536986,-7.01452420291443
D99R_F134W_D304M_R330A,103.39338226706775,111.18194739096884,-7.788565123901094
D99R_D304M,49.51291539056021,58.51037218494827,-8.997456794388057
F134W_D304S,49.80422494098116,61.15761675718778,-11.353391816206624
D99R_F134W_D304M_R330Q,41.682006956267855,54.86187196307887,-13.179865006811013
D304E,27.41249194006508,41.3600030778959,-13.947511137830816
F134W_D304E,31.990511011551774,51.67619031120509,-19.685679299653316
D99V_F134W_D304M_R330A,61.67099929092137,83.18563702727755,-21.51463773635618
D99R_F134W_R330A,119.00744063433689,141.84895902582963,-22.84151839149274
D99R_F134W,4.615708828918429,40.299677892087914,-35.683969063169485
D304L,52.03516720494062,94.0551830123764,-42.02001580743578
