variant_id,boltzgen_run,final_rank,predicted_activity_tabpfn,predicted_tm_tabpfn,structure_score,lab_score,n_mutations,mutations
HP_pocket__HP_pocket_27,HP_pocket,19,296.87234,84.061806,-0.2802805068394075,0.6987489605561683,8,Y98G;D99L;G111V;F134W;L137E;L139G;V144A;Y146N
HP_pocket__HP_pocket_09,HP_pocket,1,294.78317,84.242226,7.851806072078574,1.4752059920991503,7,Y98S;D99S;G111Y;F134W;L137E;L139V;V144T
HP_pocket__HP_pocket_10,HP_pocket,2,292.31522,84.24741,7.9819373539413565,1.4413563564484453,7,Y98S;D99S;G111F;F134W;L137E;L139I;V144T
NylC_negativ__NylC_negativ_03,NylC_negativ,14,226.81996,83.967514,8.729029678514603,0.6908765183804724,5,D99G;F134P;L137E;L139Y;V144T
NylC_negativ__NylC_negativ_05,NylC_negativ,4,216.82544,84.932686,9.7729455514938,1.3029653469660374,4,F134P;L137E;L139Y;V144T
NylC_negativ__NylC_negativ_06,NylC_negativ,7,201.53122,84.10664,9.815170541167221,0.6342337904465691,4,D99S;F134A;L137E;V144T
NylC_negativ__NylC_negativ_04,NylC_negativ,3,186.79628,84.071106,10.54194425848551,0.5176289272492781,4,D99S;F134L;L139F;V144T
NylC_pocket__NylC_pocket_13,NylC_pocket,3,152.07411,84.885,10.755604645592735,0.6766206591449891,5,Y98S;G111Y;L137E;L139I;V144T
NylC_pocket__NylC_pocket_09,NylC_pocket,8,151.52855,84.87117,11.071523051304181,0.6071150406054595,5,Y98S;G111Y;L137E;L139V;V144T
