variant_id,observed,predicted,predicted_std_observed,predicted_std_observed_calibrated
WT,77.66666666666667,116.16085103360066,44.31697202527166,49.61965913704523
D99G,144.0,156.86828611871942,74.92129080713661,83.88589612660412
D99V,147.66666666666666,122.19164763279042,75.1597926082122,84.15293553683715
D99R,194.0,178.98433611743633,55.44278421538857,62.076715277558925
F134W,217.0,232.9146524344096,48.676105262387836,54.50037854258867
D304M,233.5,186.20315515214335,39.97341945086172,44.7563846772479
D304E,171.25,127.4438419074365,40.97519979564966,45.87803168892152
D304Q,157.0,146.84026323074238,45.55623205035048,51.00720113769256
D304V,131.5,83.54140747501802,52.467266895181965,58.74516647271656
D304W,130.0,156.19879221829905,79.77507860238684,89.32045730976722
D304R,123.0,161.57922157706736,60.755741673660665,68.02538744628811
D304L,137.5,214.1842864857008,29.2003797191949,32.694311504687185
R330A,147.0,280.90147867817245,72.12689050811032,80.75713565418121
R330Q,140.66666666666666,122.76248649059679,71.63264488668811,80.20375174404037
F134W_D304M,409.6666666666667,345.15931726081794,40.425537081039884,45.262599828555985
F134W_D304L,370.3333333333333,333.7427404779594,38.13798010155832,42.70132832485947
F134W_D304I,341.3333333333333,337.6478255064559,39.20922672429425,43.900753507643984
F134W_D304R,248.0,238.8222974873504,62.03877842625974,69.46194421934479
F134W_D304E,239.66666666666666,268.9373587420122,50.179212324937296,56.183337839709836
F134W_D304S,222.5,248.5441323062709,75.35518918794438,84.37171202899745
F134W_D304V,202.33333333333334,297.64320160739004,48.82777472172353,54.67019580513643
D99R_D304M,139.0,158.45769890137,57.724543731004744,64.63149562972333
D99R_F134W,243.0,264.4494638985169,53.303605919745365,59.68157650763908
D99R_F134W_R330A,406.0,253.6955433310228,61.771082875639266,69.16221792110589
D99R_F134W_D304M,248.0,231.58091574373046,46.92493895657062,52.53967881027441
D99G_F134W_D304M,266.0,273.6376912320886,54.56828956667132,61.097584159084136
D99V_F134W_D304M,201.0,257.57291235900163,53.46139664039509,59.858247462711624
F134W_D304M_R330A,520.0,429.36478418402885,55.42039057297798,62.051642154272955
F134W_D304M_R330Q,372.0,374.05905904712733,53.328993489819716,59.7100017929381
D99R_F134W_D304M_R330A,296.0,424.3509552383173,46.70626642657921,52.29484131563191
D99G_F134W_D304M_R330A,410.0,370.75304705271867,61.17859562739481,68.49883741568303
D99V_F134W_D304M_R330A,391.0,319.4794675226674,59.9112564831439,67.07985652698638
D99R_F134W_D304M_R330Q,255.0,221.90158780455647,56.77887416985057,63.57267326130901
D99G_F134W_D304M_R330Q,258.0,278.18522975372537,57.725141856779565,64.63216532342558
D99V_F134W_D304M_R330Q,205.0,247.43847221010355,57.627580727956484,64.52293065020679
