descriptor_set,model,pca_components,mae,rmse,r2,pearson,spearman,nlpd_observed,median_fitted_lengthscale_multiplier,median_fitted_sigma_main,median_fitted_sigma_epi,median_fitted_sigma_noise,optimizer_success_fraction,boundary_hit_fraction,outer_test_variant
physical,epistatic,,45.25292193860317,63.41676105124083,0.6072883381844121,0.7817786580029539,0.7847811162028154,5.627362318576584,0.44869627376008614,0.6033784141883491,0.7670247574532827,0.33042243283999284,1.0,0.0,WT
z_scales,epistatic,,49.20649632770508,64.2556151165654,0.596830328520523,0.7731302809333346,0.7633891075835798,5.67144649609299,0.4462854215203831,0.6132117524163796,0.7678718592107979,0.3725933447504006,1.0,0.0,WT
vhse,epistatic,,51.289551643291134,65.56401262298635,0.580244172316719,0.7624074329400458,0.7322178950241222,5.720105760450645,0.3631840907719281,0.5645763272928055,0.7395652311587424,0.3520865134672998,1.0,0.0,WT
atchley,epistatic,,52.982094381553765,67.49534057765281,0.5551503326623879,0.7456991117420856,0.7198410900372786,5.728371618252926,0.4304563667733792,0.6512208751913089,0.707236111232699,0.40453919816758754,1.0,0.0,WT
kidera,epistatic,,53.04849548625657,66.24088187808097,0.5715324904055505,0.7561769845095758,0.7311482945931602,5.728565915693734,0.43830298479242225,0.5354496160307944,0.757338099682519,0.3446307237808777,1.0,0.0,WT
pcp,epistatic,,53.130847554917196,68.85566096851126,0.53703838208968,0.735075807021583,0.7059362844347755,5.761762748813185,0.43208335306229473,0.588228544251938,0.747664235435986,0.3587921060160907,1.0,0.0,WT
physical,additive,,57.063498063745584,69.07902726262574,0.5340298349520014,0.7313439518609725,0.7720987110928399,5.7025598302372105,0.6632607714403937,0.9368677872438191,0.0,0.5710552300825009,1.0,0.0,WT
pcp,additive,,60.21073386082218,72.80871604063366,0.4823545168001254,0.695059190053944,0.7441362998262677,5.758942092147565,0.5109042531656781,0.8859158820570201,0.0,0.5869608135943452,1.0,0.0,WT
atchley,additive,,60.336999597124034,72.62469131999003,0.484967917664314,0.6969500535405649,0.747192301057587,5.756376749642906,0.41455435764817805,0.8851557621318216,0.0,0.5890471603779646,1.0,0.0,WT
vhse,additive,,60.66908934406824,72.41033509781359,0.488003728290074,0.6993296981165587,0.737718697240497,5.7532118930115805,0.41873132480346686,0.8603514434025348,0.0,0.5895310765693798,1.0,0.0,WT
kidera,additive,,60.87105931234205,72.58764515833263,0.4854932237289521,0.6970999625504303,0.7387882976714588,5.75061969616139,0.6502894720407417,0.9204611251571497,0.0,0.5892339811192078,1.0,0.0,WT
z_scales,additive,,61.26453172326878,72.80593072650811,0.48239412133585935,0.6951259582101719,0.7099090860354906,5.752970010830899,0.46499538644027794,0.8848803267416714,0.0,0.5932818814080373,1.0,0.0,WT
physical,epistatic,,44.33144511097824,58.00476688458703,0.6872839235195352,0.8295301676793928,0.8188555299320265,5.537597453864339,0.4107105783020981,0.533770569289014,0.7962104119825211,0.298379188224576,1.0,0.0,D99G
z_scales,epistatic,,49.18809603678207,61.11874465503851,0.6528064183584361,0.8081430899070968,0.8199251303629883,5.638894423922025,0.41689792713324314,0.5491969784869122,0.794470510018634,0.3361871612524001,1.0,0.0,D99G
vhse,epistatic,,50.20212813217599,61.814963012958444,0.6448514347748278,0.8031611291347315,0.7936435197736416,5.642711588909979,0.34831101543049214,0.50966780445226,0.7792619095095548,0.306062250965792,1.0,0.0,D99G
kidera,epistatic,,51.50667007804073,62.03071134457357,0.6423680093368188,0.8015232966560601,0.8005195225441101,5.63495568876377,0.4167980114873323,0.4829981804830167,0.7903339214913212,0.2940672738458808,1.0,0.0,D99G
atchley,epistatic,,52.632487188415965,65.55615458103517,0.6005616323034159,0.7751849043147852,0.7682787095536908,5.703586499847973,0.41218783314314555,0.5829472885162565,0.7506922698657719,0.3724358870758525,1.0,0.0,D99G
pcp,epistatic,,52.8262488346248,65.16119030769096,0.6053602247728262,0.7790323229350445,0.7520819030276981,5.6793074106955705,0.4008985488282074,0.5229470140311677,0.7927901557614607,0.30780922002958083,1.0,0.0,D99G
physical,additive,,59.12270935709735,70.27492738827502,0.5409884136250089,0.7359111459917297,0.7832531155871557,5.710301801006304,0.6868629451559212,0.9401420604378425,0.0,0.5700955213916534,1.0,0.0,D99G
atchley,additive,,62.48491041140877,73.82438420035861,0.4934497860777901,0.7026881736588818,0.7575827052440729,5.763262093252848,0.4207518703199604,0.8792783775694324,0.0,0.5906988107470548,1.0,0.0,D99G
pcp,additive,,62.506345650810935,73.9863860881844,0.4912241764429218,0.701084844004164,0.7294674939159346,5.7657738952065785,0.5044519651021366,0.874201125726793,0.0,0.5892102363987912,1.0,0.0,D99G
kidera,additive,,62.597759534680094,73.48512688462183,0.49809475536446024,0.7058837358764797,0.7698067101693503,5.754237762607477,0.6715949645232175,0.927926583994636,0.0,0.5889193330794578,1.0,0.0,D99G
vhse,additive,,62.75548318491951,73.52934180291973,0.4974905956784057,0.7056459415123286,0.7598747061675624,5.759896125566759,0.42422296062607867,0.8534361200083347,0.0,0.5911860844601442,1.0,0.0,D99G
z_scales,additive,,63.22122996883803,73.85230414691968,0.49306656502072144,0.702461120651369,0.7467339008728892,5.759738134894723,0.4704439396727743,0.8812294445738447,0.0,0.5927688587115406,1.0,0.0,D99G
physical,epistatic,,44.03194737847124,58.141097574835165,0.6864207708037053,0.8291104307430573,0.825425932579363,5.542259689059335,0.4122428569939821,0.5602091564306984,0.7917820419594334,0.29676592094376053,1.0,0.0,D99V
z_scales,epistatic,,48.60125543649961,60.96401540226105,0.6552311942918869,0.80974878681886,0.8245091322099674,5.640010878269292,0.4270212175996002,0.579094727216436,0.7881817218046083,0.3361138350901234,1.0,0.0,D99V
vhse,epistatic,,49.56020657066297,61.80267289479532,0.6456802566811342,0.8037458225182594,0.7911987187885859,5.647237107227984,0.3504074466514169,0.5350787347876238,0.777809929862664,0.30478698749876465,1.0,0.0,D99V
kidera,epistatic,,50.883154839453844,61.99706485200232,0.6434478215240718,0.8021680259181528,0.8032699236522975,5.638226540619258,0.4170101457023577,0.5045149586294341,0.7876630798636952,0.29041193069176985,1.0,0.0,D99V
atchley,epistatic,,51.64558739303597,65.34107888610829,0.6039468804626238,0.7774670965329205,0.7736267117084996,5.703706207528004,0.44600767205081915,0.65222860369858,0.7483864281346976,0.3743403112763159,1.0,0.0,D99V
pcp,epistatic,,51.98450051656375,64.8694093876499,0.609644121530655,0.7816101269476323,0.7594163059828646,5.679409852666638,0.40819248485943127,0.5504543476520491,0.7896368036567731,0.30510285385331515,1.0,0.0,D99V
physical,additive,,57.73338815410514,68.75128643591943,0.5615273654063786,0.7496971043525242,0.821147530855516,5.693223365608669,0.6964876126275725,0.985883429322317,0.0,0.5547810126821966,1.0,0.0,D99V
pcp,additive,,61.35941720349908,72.75476605849371,0.508974854089723,0.7136539525368661,0.762013907029486,5.752712738003902,0.5164836085382208,0.9104952039795742,0.0,0.5737797337519821,1.0,0.0,D99V
kidera,additive,,61.39385383670028,72.3691984451949,0.5141654894059171,0.7171633749669252,0.7893651180497945,5.742150935040469,0.6672912159657338,0.9594306311054797,0.0,0.5741354028155363,1.0,0.0,D99V
atchley,additive,,61.399067032009086,72.61379201481225,0.5108758906798214,0.715009486175955,0.7881427175572667,5.750414741480544,0.4245658001060175,0.9124599375987917,0.0,0.5762190903740207,1.0,0.0,D99V
vhse,additive,,61.475825940173685,72.33444713479003,0.5146319677582802,0.7177626218769126,0.7936435197736416,5.747030293232818,0.43109002842611416,0.8869902272803329,0.0,0.5763354074677727,1.0,0.0,D99V
z_scales,additive,,62.19293850479717,72.64905173171906,0.5104007587693176,0.7147016532134822,0.7650699082608053,5.746657024808332,0.47382271817095745,0.9159875854261346,0.0,0.5784919462742344,1.0,0.0,D99V
physical,epistatic,,44.97527622706551,59.28407362310134,0.6797254296959274,0.8250568668821705,0.8112155268537278,5.565232238227161,0.413952882179898,0.5486962104588399,0.7605156216902094,0.3105475984660441,1.0,0.0,D99R
z_scales,epistatic,,48.34765375542932,61.939247565633536,0.6503945197192986,0.806788477342249,0.8051035243910892,5.653020929203028,0.4159678062118529,0.5773838661198996,0.7460471658792689,0.34849028531172904,1.0,0.0,D99R
vhse,epistatic,,49.344639106837455,62.53784235841189,0.6436045358503557,0.8024239832137027,0.7759187126319891,5.662472024957475,0.3459018369753779,0.5369214596478538,0.7276062247807191,0.3253140499160571,1.0,0.0,D99R
kidera,epistatic,,50.55404409028556,62.946886044253105,0.6389271095913309,0.7993368363852554,0.8009779227288081,5.6628336912942805,0.43091114235693695,0.5169322956526008,0.7408159689955102,0.32169958016402034,1.0,0.0,D99R
atchley,epistatic,,51.76539628714968,65.94845772459534,0.6036711670574622,0.7772725330014386,0.7640003078298437,5.711130882581693,0.3971834320040427,0.6192070704224761,0.6882520079302292,0.37864688684085096,1.0,0.0,D99R
pcp,epistatic,,51.923980319330944,65.80831462429933,0.6053538064403907,0.7789485683566444,0.7305370943468964,5.69978927364038,0.39983911289962554,0.5526571954043566,0.7346298957899993,0.3277818268455047,1.0,0.0,D99R
physical,additive,,56.30731591635362,67.55374201073175,0.5841418634337907,0.764605714477262,0.7889067178650966,5.6734704519838175,0.6725072727325554,0.9664078914134673,0.0,0.5400750961072843,1.0,0.0,D99R
kidera,additive,,59.7298761889766,70.9254120148158,0.5415941872476712,0.7360092383301926,0.7600275062291284,5.720836458985445,0.6662486378181598,0.9541185961482141,0.0,0.557985098192705,1.0,0.0,D99R
vhse,additive,,59.80747488247919,70.93056340503001,0.5415275957987848,0.7361135139381768,0.7432194994568719,5.726189650023961,0.4208761090799549,0.8766930058768581,0.0,0.5604317271404111,1.0,0.0,D99R
atchley,additive,,59.87168386459864,71.27116574917656,0.5371139356316279,0.7330380907337324,0.7355794963785733,5.730764185547906,0.41818750465430365,0.9023490703847897,0.0,0.5602297735781494,1.0,0.0,D99R
pcp,additive,,59.88816108248609,71.43023347317661,0.535045430132137,0.7316148983737121,0.7216746907760703,5.7329432743307915,0.5025824030400452,0.8989830597726813,0.0,0.5576992569748906,1.0,0.0,D99R
z_scales,additive,,60.61977001407754,71.25427710846935,0.5373332835296348,0.7332180053039551,0.7410802985949483,5.726281495530467,0.47004315784479384,0.907585965465453,0.0,0.5624854419775671,1.0,0.0,D99R
physical,epistatic,,45.61593804521402,58.87428100007188,0.6855098149084984,0.8285137672136522,0.8168691291316686,5.55884551876738,0.404537007256162,0.53806616517744,0.7505044529217428,0.3107657555625612,1.0,0.0,F134W
z_scales,epistatic,,49.96717652583556,61.84291593171023,0.6529949615753863,0.8083720118524069,0.8113683269152939,5.632596778216456,0.4131358188877576,0.5581072691696749,0.7543952848419972,0.34608557336870704,1.0,0.0,F134W
vhse,epistatic,,51.2770400646645,62.645000367917135,0.6439354840824045,0.802629163761148,0.7812667147867981,5.6429955004116,0.34030558558354673,0.5159723701708804,0.7376520756011111,0.32206481008003285,1.0,0.0,F134W
kidera,epistatic,,52.72247288126114,63.179625535007744,0.6378320970555649,0.798655470151119,0.8064787249451828,5.644217136518812,0.4178610419762389,0.4982397657267998,0.7430580576726327,0.31854319940821824,1.0,0.0,F134W
atchley,epistatic,,53.27473440694047,65.63826383552663,0.6090960725545074,0.7806106556605292,0.7780579134939127,5.69454042349684,0.3810857889487387,0.5859821298038191,0.7000829115382946,0.37316353623825016,1.0,0.0,F134W
pcp,epistatic,,53.742283533167836,65.92070457858884,0.6057247239003578,0.7790752183152019,0.747192301057587,5.680137147285005,0.3924063163680509,0.5322151932820653,0.7439895871929703,0.32567096598780354,1.0,0.0,F134W
physical,additive,,57.93606923417242,69.19983087914859,0.5655238618982186,0.752340951519373,0.7792803139864405,5.6998514032687035,0.6570902906898582,0.9246915694341891,0.0,0.5565407811443255,1.0,0.0,F134W
pcp,additive,,60.91483158971355,72.78512666679308,0.5193364964908116,0.7208657634882146,0.7511651026583022,5.7541643480689695,0.4831694978562076,0.8675534946860625,0.0,0.5722147187056338,1.0,0.0,F134W
atchley,additive,,60.92433706850282,72.67414162066692,0.5208012404947024,0.7218956742686378,0.7467339008728892,5.751930769409462,0.4033756224101217,0.8698087017336913,0.0,0.5747578349678353,1.0,0.0,F134W
vhse,additive,,61.08606877895703,72.34486285969632,0.5251337996562511,0.7250133746458942,0.752234703089264,5.7481719859654445,0.4072712819965015,0.8498159425449057,0.0,0.5741714869981105,1.0,0.0,F134W
kidera,additive,,61.18548714784335,72.35269783050614,0.5250309377766307,0.7246790653394102,0.7882955176188327,5.7430354832119965,0.6563976526358333,0.9174614574725076,0.0,0.5725299119049296,1.0,0.0,F134W
z_scales,additive,,61.91959660612854,72.74422018537352,0.5198766268255384,0.7212739136906287,0.7468867009344551,5.7489085252467245,0.4517504984489332,0.8713652483308993,0.0,0.5781375481924729,1.0,0.0,F134W
physical,epistatic,,42.87195554788474,58.73078580150099,0.6874553062891893,0.8301820549076216,0.8216059310402137,5.570791526324389,0.39189284562970883,0.49645766498241306,0.7851752236680927,0.2776622286281967,1.0,0.0,D304M
z_scales,epistatic,,49.22256573684395,62.483781046740816,0.6462347987510886,0.8040464448188749,0.8164107289469708,5.650670403583485,0.42524036329159454,0.5538926415504389,0.7582874490271181,0.34749770983312345,1.0,0.0,D304M
vhse,epistatic,,50.473395862365635,63.15025423508739,0.6386477915059653,0.7992056165048519,0.8003667224825441,5.66533282671613,0.3483453107816751,0.5111096958528489,0.739726613780759,0.3237393935186704,1.0,0.0,D304M
kidera,epistatic,,51.82364265981901,63.859545976407034,0.6304849259665934,0.7940754054812866,0.8098403262996342,5.67082083268585,0.42386385347916217,0.4855891290657817,0.7498011977407006,0.317403041156771,1.0,0.0,D304M
pcp,epistatic,,53.216235558077,66.27441104861951,0.6020099076230245,0.776411189909409,0.7523875031508299,5.698612242868685,0.39933920207258666,0.5249824529029379,0.7510780920291124,0.3243169916621723,1.0,0.0,D304M
atchley,epistatic,,53.34509459794482,66.42972440553007,0.6001423510340722,0.7747664162274834,0.7662923087533331,5.7164095508313135,0.3979043119297164,0.5828763280454541,0.7077470176829852,0.37770794586034734,1.0,0.0,D304M
physical,additive,,57.38437348574534,69.16974326069646,0.566476310443085,0.752841046567196,0.7600275062291284,5.700093964836237,0.6895950330613525,0.9230195907143095,0.0,0.5602965012596712,1.0,0.0,D304M
kidera,additive,,60.11220836082601,72.29336542023026,0.5264374047311786,0.7255737503508785,0.771487510846576,5.744422932401348,0.6756287470313229,0.9146308462032067,0.0,0.5773108763554533,1.0,0.0,D304M
vhse,additive,,60.440724347667036,72.43439529502555,0.5245879510048017,0.7244698871441813,0.752234703089264,5.7507455203986,0.4148334755367413,0.8350523793387501,0.0,0.5797167628273046,1.0,0.0,D304M
pcp,additive,,60.76599347369638,73.11624660157608,0.5155953710307306,0.7181469388038372,0.7274810931155771,5.758982527278946,0.4852643456441753,0.8517539476510201,0.0,0.5781721013727814,1.0,0.0,D304M
atchley,additive,,60.79778379525845,72.95178044251102,0.5177721394098718,0.7196719066230719,0.7381770974251949,5.755759983517181,0.4074018710043139,0.8534953547666431,0.0,0.5809307195597719,1.0,0.0,D304M
z_scales,additive,,61.238876421806694,72.81651209457273,0.5195587905438811,0.7209093583092908,0.7401634982255525,5.751764285265047,0.46172522713139236,0.8605169561349216,0.0,0.5821576592113041,1.0,0.0,D304M
physical,epistatic,,44.094341156114844,57.756939484357645,0.6938126988598703,0.833469786746006,0.8191611300551583,5.548814693537403,0.42986650182753566,0.5358231972926133,0.7739459371019627,0.301030490402547,1.0,0.0,D304E
z_scales,epistatic,,47.71281374501252,59.92859794306782,0.6703545655833307,0.8188793314117095,0.8272595333181546,5.640386564306844,0.44512808288490824,0.5693709498453867,0.7906421500874095,0.3319470380103958,1.0,0.0,D304E
vhse,epistatic,,48.53737600580074,60.605086163319044,0.6628703291271014,0.8142552088184448,0.8083123256839745,5.645297619925105,0.36185921178783576,0.527481233366188,0.7732053407451522,0.3026077620968779,1.0,0.0,D304E
kidera,epistatic,,49.104421949318,60.23558866575895,0.6669686265590556,0.8166893965570963,0.8142715280850474,5.62219424376936,0.4298179080269399,0.48623472831445735,0.7910777783101579,0.27946069975798526,1.0,0.0,D304E
pcp,epistatic,,51.207035567249726,63.83237784889605,0.6260092367445989,0.7919042999946624,0.7583467055519029,5.677877651237238,0.41492404253494053,0.5397134341086475,0.7891027071572492,0.29833383388639584,1.0,0.0,D304E
atchley,epistatic,,52.359575671969466,65.15800722224115,0.6103143463036311,0.7815107470454711,0.7699595102309164,5.707588764070373,0.3863030140572151,0.5918213237251606,0.7254387009328513,0.3624968211681269,1.0,0.0,D304E
physical,additive,,58.559772258307625,69.76517173859041,0.5532586360016665,0.7440808551783169,0.7915043189117179,5.705517079838631,0.6834972514055944,0.9232202554392048,0.0,0.5676666913624145,1.0,0.0,D304E
vhse,additive,,61.72937802968269,72.77061826039117,0.5139387941552076,0.7172133151821177,0.7507067024736043,5.752011840704438,0.4202952400252498,0.849389616189312,0.0,0.5853386798175958,1.0,0.0,D304E
pcp,additive,,61.87168787849699,73.37204398711964,0.5058713150969671,0.7114407149181623,0.7368018968711011,5.759164511606575,0.49684480769359163,0.8670436622433951,0.0,0.5837874680272035,1.0,0.0,D304E
atchley,additive,,62.02291749415049,73.26557541821056,0.5073043133091126,0.7124733526931788,0.752540303212396,5.757305651305284,0.4145132266297462,0.8706065855408365,0.0,0.5864397301582465,1.0,0.0,D304E
kidera,additive,,62.024636155563314,72.96496979303107,0.5113390391796294,0.7151421430148672,0.7705707104771803,5.7493765561172845,0.6529439811721705,0.9092900034199605,0.0,0.5851223163105206,1.0,0.0,D304E
z_scales,additive,,62.440823011029835,73.10402597418029,0.5094746903588869,0.7139658794521393,0.7523875031508299,5.75233571618845,0.46616545050208025,0.8727792194814947,0.0,0.5880522655760141,1.0,0.0,D304E
physical,epistatic,,45.26431515341179,58.9117151353511,0.6795239869287073,0.8248202542977022,0.8219115311633457,5.565270594682537,0.41658478436584595,0.5433268019270996,0.7637820833386386,0.3144490625163785,1.0,0.0,D304Q
z_scales,epistatic,,49.17454923322369,61.21973622023737,0.6539211145497131,0.808862604595406,0.8190083299935924,5.644190967855418,0.41134483169594493,0.557006614937215,0.7864919983015459,0.3341915736147748,1.0,0.0,D304Q
vhse,epistatic,,50.35966547067437,61.673336103343864,0.6487736598757404,0.8055969911332336,0.8003667224825441,5.639638187156491,0.33984736761250706,0.5138930366522643,0.7745182764261253,0.30125568057789437,1.0,0.0,D304Q
atchley,epistatic,,50.80321171546025,64.0340858113805,0.6213703475981419,0.788349433988216,0.7797387141711384,5.689036445148427,0.4351249357414838,0.587279008579801,0.7629805867668058,0.3651602798308522,1.0,0.0,D304Q
kidera,epistatic,,51.35113326189532,62.048968705117304,0.6444822156194272,0.8028518884993999,0.7985331217437526,5.634593244351852,0.4183546724953502,0.48643878988268985,0.7911070143455204,0.29095428093049536,1.0,0.0,D304Q
pcp,epistatic,,52.04949299923295,64.64802798156764,0.6140751367805994,0.784326017817009,0.7606387064753923,5.673410694895105,0.4022178288398255,0.5322872100437578,0.7901935484853242,0.30474499036093494,1.0,0.0,D304Q
physical,additive,,59.109876363678524,69.92469407013608,0.5485045839681135,0.7408815305331654,0.7852395163875132,5.70753059580914,0.678694799628057,0.9228304132286005,0.0,0.5707810128366013,1.0,0.0,D304Q
kidera,additive,,62.528846885429004,73.19337546587745,0.5053070200231831,0.7109283517184908,0.7638475077682777,5.749523958736675,0.6675080617535808,0.9233943957499143,0.0,0.5867079644066804,1.0,0.0,D304Q
pcp,additive,,62.53733044898236,73.56643541975214,0.5002513587225652,0.7074734718064075,0.7337458956397819,5.759421671168818,0.49045544732072577,0.8655434063177434,0.0,0.5861414930026122,1.0,0.0,D304Q
atchley,additive,,62.558159113064946,73.50968852281154,0.5010220429830554,0.7080361301238215,0.752693103273962,5.759566275204875,0.4101555914346436,0.8660940882554631,0.0,0.5897996356822244,1.0,0.0,D304Q
vhse,additive,,62.79227644721215,73.17949993963354,0.5054945636295392,0.7112929155117057,0.7528459033355279,5.754176207369358,0.41837512756587414,0.8491167882603017,0.0,0.5882477314185981,1.0,0.0,D304Q
z_scales,additive,,63.364012618532854,73.43093138443416,0.5020906646878468,0.7088048984583697,0.7529987033970938,5.754237160389485,0.4584919851967911,0.8704067525954224,0.0,0.5909538784024184,1.0,0.0,D304Q
physical,epistatic,,43.08386882833478,57.27572271358871,0.6928889311949068,0.8333354565004993,0.8145771282081792,5.515574381219506,0.3841466237617467,0.5493000615260151,0.8204823209044845,0.26703709307789825,1.0,0.0,D304V
z_scales,epistatic,,49.99925493354937,62.48028887842309,0.6345395611939693,0.7970106496999648,0.7979219214974886,5.668678012193547,0.40321816743793526,0.5522848487879986,0.7940717852370495,0.3307891800009494,1.0,0.0,D304V
vhse,epistatic,,50.70633542563782,62.796163059811256,0.6308349904902204,0.7946645486310681,0.7780579134939127,5.665099309882598,0.3400891644981,0.5162973692963944,0.7867864495720137,0.29508513722508056,1.0,0.0,D304V
kidera,epistatic,,51.43773691325884,62.587819579466036,0.633280539039042,0.7958670649882487,0.7928795194658117,5.647692735605287,0.41450021883610966,0.4937270201423801,0.7969388873628043,0.2891318326029877,1.0,0.0,D304V
pcp,epistatic,,53.54289147724269,66.35615672519793,0.5877916716508247,0.768222664096208,0.7393994979177227,5.708170508702574,0.3960946146451826,0.5300444943023349,0.7924470342510408,0.3056050944310098,1.0,0.0,D304V
atchley,epistatic,,53.88036680337653,66.57029098794088,0.5851269498492951,0.765234789024653,0.7540683038280557,5.742775667592758,0.39337487527702286,0.5899512537121288,0.7268549713394294,0.3770293367791828,1.0,0.029411764705882353,D304V
physical,additive,,58.54225726944315,70.22194164170453,0.5383636688709031,0.7340565526992365,0.76262510727575,5.708746055839327,0.7188130735617408,0.9268891794947081,0.0,0.5756332490484375,1.0,0.0,D304V
atchley,additive,,62.13958996733111,73.88463494218772,0.48895095934816324,0.6994985760526226,0.718465889483185,5.763325449533673,0.4279020521142497,0.8672308183164374,0.0,0.5958969710433905,1.0,0.0,D304V
pcp,additive,,62.2582423973451,74.20253211602913,0.48454380352882764,0.6963536553152848,0.7011994825262305,5.76718887600347,0.515346591942419,0.8667904338986958,0.0,0.5936442104411629,1.0,0.0,D304V
vhse,additive,,62.581256865837396,73.70629944350301,0.4914150222855581,0.7013851300155851,0.7207578904066744,5.761409636301772,0.4332024246128089,0.8426303558665649,0.0,0.595646926929958,1.0,0.0,D304V
kidera,additive,,62.630619478824414,73.50938984064766,0.494128806466988,0.7030548492151375,0.7438306997031358,5.754071864094831,0.675746095579455,0.9169687604630947,0.0,0.5941864733436083,1.0,0.0,D304V
z_scales,additive,,62.77702466298507,73.91493138122028,0.4885317614861271,0.6992059360406555,0.7288562936696709,5.760407417284218,0.48636838973584795,0.8707113452886452,0.0,0.5984776514992844,1.0,0.0,D304V
physical,epistatic,,44.17896851393469,58.24526160401396,0.6821086674593819,0.8265668991548754,0.8200779304245541,5.538246683155869,0.41381180279618085,0.5410449224569718,0.8012103465758922,0.2986964264294807,1.0,0.0,D304W
z_scales,epistatic,,47.31843285670375,60.85452924379182,0.6529889529113799,0.8081786672211134,0.8073955253145787,5.621339180648328,0.479820390026077,0.5781642227789496,0.818964829350421,0.34520325102729277,1.0,0.0,D304W
vhse,epistatic,,49.753491009470615,62.0351076269796,0.6393943172093646,0.7998274442516604,0.7853923164490793,5.647329067302115,0.3547754976304196,0.5170687284435432,0.7847544242539926,0.3069281567859165,1.0,0.0,D304W
kidera,epistatic,,50.81396023438618,61.87044763390025,0.6413060903578127,0.8009135025054539,0.7976163213743567,5.6330273150271175,0.4221162391526213,0.483905941008274,0.7974134680075765,0.29225849821421857,1.0,0.0,D304W
atchley,epistatic,,50.83881817769471,64.67397584474763,0.6080626908695977,0.7800162918244165,0.7536099036433578,5.688444647647273,0.4712974015049117,0.6154826363411554,0.7713194909986465,0.37914979979574454,1.0,0.0,D304W
pcp,epistatic,,52.148413080811146,65.4966983593124,0.5980275372991379,0.7747092342537589,0.747803501303851,5.684684536997693,0.42031828701454427,0.5329468456161932,0.8006915750975878,0.3103773889026721,1.0,0.0,D304W
physical,additive,,58.64807204457993,69.79918788197932,0.543481663965898,0.7375550237893764,0.7656811085070693,5.701271151043803,0.7187978301250422,0.9595896986214171,0.0,0.5711958483551001,1.0,0.0,D304W
atchley,additive,,61.477664540118724,73.32493271627294,0.49619690321670884,0.7045897472097787,0.7363434966864032,5.75587970880202,0.4386528641090076,0.8885203754591966,0.0,0.5910641260627753,1.0,0.0,D304W
pcp,additive,,61.604008444802915,73.60831663472044,0.4922952131276158,0.70182225656652,0.7267170928077473,5.75932211742708,0.5361127408623727,0.8937060436913037,0.0,0.5892014712247162,1.0,0.0,D304W
kidera,additive,,61.99161125797324,72.95628781710273,0.5012499613055341,0.7080801142531339,0.7662923087533331,5.746322047473833,0.6791770892919218,0.9338954213717818,0.0,0.5894638664233867,1.0,0.0,D304W
vhse,additive,,62.168861229704305,73.13360264197695,0.4988226655452862,0.7065373722867387,0.7508595025351703,5.753357695193411,0.4427239616113652,0.864538597324505,0.0,0.5919101454981046,1.0,0.0,D304W
z_scales,additive,,62.45910466503377,73.41571232381428,0.49494866863278053,0.7037219974212885,0.7227442912070321,5.752199691696674,0.5071645077688061,0.9037260180715718,0.0,0.5938522372505106,1.0,0.0,D304W
physical,epistatic,,43.24499172991851,57.21876195918709,0.6918270796878154,0.8322197320714284,0.8257315327024949,5.535250693368172,0.4150068488407178,0.5145527269986859,0.8044297465630639,0.29832436631983617,1.0,0.0,D304R
z_scales,epistatic,,49.22125989930456,61.64696078003228,0.6422819114292799,0.8017855855002786,0.8154939285775751,5.646939912512021,0.4297832680872136,0.55038677932903,0.7963776721561793,0.3457486183244553,1.0,0.0,D304R
vhse,epistatic,,50.2271841489878,62.01387211257077,0.6380110955053621,0.7988943909395807,0.7922683192195479,5.652569995021955,0.3481985621632636,0.5072606897301204,0.7761495274704748,0.3145783702348714,1.0,0.0,D304R
kidera,epistatic,,51.753929384189455,62.43869804563659,0.6330344987708643,0.7956471948525745,0.7950187203277351,5.6477849211751,0.4148714443797094,0.4799171809408445,0.786268196144508,0.3014702380599138,1.0,0.0,D304R
pcp,epistatic,,52.72201681235662,65.45160873765145,0.5967650088312779,0.7732957282522324,0.7476507012422849,5.691817153296839,0.40442989077251146,0.5221434197625707,0.7851841429454415,0.31852277130832757,1.0,0.0,D304R
atchley,epistatic,,52.96563984757955,65.98181732969744,0.5902055176831895,0.7685208905423344,0.7621667070910519,5.714591270439076,0.41367946208158124,0.5839722185375665,0.7374949593538342,0.38196045364017356,1.0,0.0,D304R
physical,additive,,59.01361671513304,69.9968366947574,0.5388158342175949,0.7343552589515823,0.7695011100462186,5.707687370830542,0.6815048151906556,0.9273931301003513,0.0,0.5757740422813558,1.0,0.0,D304R
atchley,additive,,62.05307631587131,73.57720735282139,0.4904296379194317,0.7005238000603125,0.7383298974867609,5.7609117758095705,0.4290136197999415,0.8724750276802512,0.0,0.596269707418178,1.0,0.0,D304R
pcp,additive,,62.177988659038355,73.6566074347183,0.4893292493373027,0.699707356951302,0.7195354899141466,5.762305457685076,0.5028014880937035,0.8625217602149273,0.0,0.593449270879298,1.0,0.0,D304R
kidera,additive,,62.51042815136182,73.20689078037107,0.4955460994983971,0.7040339707252399,0.7684315096152567,5.751822232858523,0.657411679694287,0.9086392307893036,0.0,0.5940291624458258,1.0,0.0,D304R
vhse,additive,,62.578564559097856,73.22975234787889,0.4952309814126509,0.7040464022436285,0.7438306997031358,5.75702859903566,0.4247474157008592,0.8433676504844572,0.0,0.5959095046048095,1.0,0.0,D304R
z_scales,additive,,63.08116635156184,73.6246980343379,0.48977161746483056,0.7000739656679174,0.7262586926230493,5.7576362639681165,0.4742100912007029,0.870459104637584,0.0,0.5985775468727211,1.0,0.0,D304R
physical,epistatic,,40.88541158383086,53.47318648359106,0.7332695014179907,0.8569291824570678,0.8326075354729636,5.422476504294072,0.37948584312877437,0.4968060422228778,0.8480328466729874,0.1993027228524884,1.0,0.0,D304L
z_scales,epistatic,,44.87808905653596,57.41024739120473,0.692546540462731,0.8323346033220445,0.8272595333181546,5.581353251142635,0.3823778527060507,0.5385553297743397,0.8181353585691298,0.28294373648682336,1.0,0.0,D304L
vhse,epistatic,,45.76183701083852,57.979624772908245,0.686417839226841,0.8285502432700691,0.8119795271615577,5.5870282366450645,0.36705125675025496,0.5186772146220586,0.79273073081146,0.27363394275829156,1.0,0.0,D304L
kidera,epistatic,,47.936839954308226,58.602189301030926,0.6796474173891627,0.8245122959074112,0.8280235336259845,5.575045531162224,0.3963378344583235,0.4780475368426562,0.8031933726536717,0.2557137448584368,1.0,0.0,D304L
pcp,epistatic,,48.98421916595337,62.13730463691091,0.6398317970697689,0.8004727409186551,0.7803499144174022,5.640230728503835,0.460311635115018,0.5263809966634424,0.8239317789397791,0.27685893628539604,1.0,0.0,D304L
atchley,epistatic,,50.70501212618322,63.785928483015574,0.6204663293498216,0.7877571822588937,0.7797387141711384,5.697409822381456,0.32641878802354174,0.5450116870942759,0.7622789852385057,0.3189255678803323,1.0,0.029411764705882353,D304L
physical,additive,,58.19639540865366,69.78983536499086,0.5456558974921382,0.7390520911798809,0.7604859064138263,5.704985406695047,0.6821817641741731,0.9211232588670404,0.0,0.5669444369042838,1.0,0.0,D304L
pcp,additive,,60.29272530481139,72.3461821557392,0.5117617699208065,0.7154527131643669,0.7316066947778582,5.748566602898146,0.5352625797730007,0.9050281881748721,0.0,0.5781068558059972,1.0,0.0,D304L
vhse,additive,,60.9534363273684,72.07191756841225,0.5154565782112696,0.7182183635798106,0.7435250995800039,5.7455754368011265,0.4281593043875866,0.8643452425799205,0.0,0.5812642588329252,1.0,0.0,D304L
kidera,additive,,61.739267851632164,72.80108577188751,0.5056025061620102,0.7111240596011671,0.7641531078914097,5.747133120778604,0.6438611496087562,0.9172859957373992,0.0,0.5839240596530223,1.0,0.0,D304L
atchley,additive,,61.793699484324016,73.56877711848551,0.49512063399688544,0.7038487758205951,0.7163266886212614,5.759713303941636,0.4171053565355495,0.8691844827781663,0.0,0.590806012751528,1.0,0.0,D304L
z_scales,additive,,61.944099858746725,72.98641016615177,0.5030821993493781,0.7094815274129933,0.7287034936081049,5.751921725184616,0.4637074915578291,0.8791318280500112,0.0,0.587929002488895,1.0,0.0,D304L
physical,epistatic,,39.59488413295305,51.27592012575487,0.7560177173254468,0.8698982757029503,0.8697379504334939,5.475288370087016,0.5059081111368846,0.6797387402871806,0.7569031006639187,0.29763284031378845,1.0,0.0,R330A
z_scales,epistatic,,44.66950945103127,55.49213515875378,0.7142447380718664,0.8460287443107817,0.8523187434149736,5.591402450324169,0.5198559838724872,0.6925755981089328,0.7914867684267182,0.33007616902937376,1.0,0.0,R330A
pcp,epistatic,,46.7423599040341,56.85855913474763,0.6999987492299165,0.8371516159430578,0.8251203324562312,5.524229630716603,0.5609261634425449,0.6070317032829813,0.8074103180777426,0.3064535369938018,1.0,0.0,R330A
vhse,epistatic,,47.52942862823278,57.62887939152083,0.69181484529602,0.8321659683626521,0.8370387372583766,5.5780050067765234,0.42066389083356226,0.6217234132805798,0.7368025921164152,0.31433809807236607,1.0,0.0,R330A
atchley,epistatic,,48.265180971070215,59.147758019689384,0.675355581631284,0.8223718118464771,0.8135075277772175,5.624573299638074,0.5060430804986813,0.7393629174161622,0.7254730095213422,0.35990568450751503,1.0,0.0,R330A
kidera,epistatic,,49.64406319717124,59.466100542649315,0.6718516029652134,0.8202484481438634,0.8138131279003494,5.571623782977267,0.42867548988784665,0.5550304591802434,0.757691873742377,0.2878622194750545,1.0,0.0,R330A
physical,additive,,52.05531021463378,63.333690386870636,0.6277789286580534,0.7924603986822,0.8478875416295604,5.62566030538475,0.7221869230369392,1.011960249698673,0.0,0.5182460075075732,1.0,0.0,R330A
pcp,additive,,55.90611207242072,67.55256935238444,0.5765373514270662,0.759538606803701,0.805867524698919,5.686618388727905,0.5796922791067176,0.9600147112398068,0.0,0.5347637381166719,1.0,0.0,R330A
atchley,additive,,56.122883941843845,67.45950576678818,0.5777033117157682,0.760251953009915,0.8135075277772175,5.688196317001456,0.43214827449387383,0.9424154233929996,0.0,0.5372339676997624,1.0,0.0,R330A
vhse,additive,,56.446638357234804,67.37130888495611,0.5788068153178627,0.7611726370816719,0.7962411208202629,5.685895627641368,0.44546801466656943,0.9212412485897923,0.0,0.5388675883118489,1.0,0.0,R330A
kidera,additive,,57.337164029289866,68.26952414858066,0.5675009906859128,0.7533809403819516,0.7960883207586971,5.692920567591013,0.6173316145462482,0.9588329973801246,0.0,0.5395541423292555,1.0,0.0,R330A
z_scales,additive,,57.343034602801545,68.07117711111532,0.5700104641467769,0.7551806900118796,0.785850716633777,5.690114143891922,0.4815337922523889,0.9489424524629206,0.0,0.5434222129499039,1.0,0.0,R330A
physical,epistatic,,43.977577148180146,57.720055169565,0.6897785993793615,0.8310047603540224,0.8173275293163667,5.53610005241603,0.39996235523579504,0.5450974605999186,0.7940513550527921,0.295731293280309,1.0,0.0,R330Q
z_scales,epistatic,,49.29254122226635,62.18351271520019,0.6399450530870741,0.8004307656278159,0.7921155191579818,5.6496621699103216,0.41687390867861496,0.5604515057550148,0.7960510669326555,0.3341734298673348,1.0,0.0,R330Q
vhse,epistatic,,50.45260151076303,62.529508398505044,0.6359271379502183,0.797707214698875,0.7856979165722111,5.648800759080919,0.3443940892642281,0.5171854168584457,0.779825836866835,0.3037618398807467,1.0,0.0,R330Q
kidera,epistatic,,51.615126921826516,62.45839795879701,0.6367547363394219,0.7979835649247436,0.7944075200814714,5.639369369312913,0.41363578630900244,0.4921615391145967,0.792631488157559,0.29220729259466843,1.0,0.0,R330Q
pcp,epistatic,,52.418982248445246,65.26841367797823,0.6033345320806104,0.7775454749753108,0.7465811008113231,5.67898492529797,0.3967093144478159,0.5310848431567814,0.7970524498819503,0.30441881042815966,1.0,0.0,R330Q
atchley,epistatic,,53.62782358874013,66.60757342099943,0.5868901943373415,0.7665852627106184,0.7540683038280557,5.713555200938746,0.4074878895724612,0.59080464012336,0.7455152551979685,0.37247302731205545,1.0,0.0,R330Q
physical,additive,,59.52917563692482,70.61362372206578,0.5357036416994269,0.7323652391513593,0.7572771051209409,5.714313635567753,0.6774269144492507,0.9269218932351849,0.0,0.5736341680244302,1.0,0.0,R330Q
pcp,additive,,62.44775667593296,74.55027615245328,0.4824923282848961,0.6949481416297845,0.7147986880056016,5.772179811903939,0.506145515026031,0.8618262316585985,0.0,0.5915023149462386,1.0,0.0,R330Q
atchley,additive,,62.50286592537263,74.3434606954394,0.4853596584458688,0.6970166653275061,0.7345098959476116,5.768576089733092,0.4201545540988004,0.8635963723992475,0.0,0.5949512194848914,1.0,0.0,R330Q
kidera,additive,,62.79497344486232,73.93834797003436,0.4909531377999906,0.7008627038521255,0.7500955022273404,5.75901123587037,0.6690171213905403,0.9103740598645028,0.0,0.5925727704978605,1.0,0.0,R330Q
vhse,additive,,62.83789757243811,74.10835124545726,0.48860958740340876,0.6994511724957876,0.7218274908376362,5.766027931029887,0.4255345564587881,0.8394833707028422,0.0,0.5944795554244746,1.0,0.0,R330Q
z_scales,additive,,63.24515155849481,74.47985490339089,0.48346955669988,0.6957057608625102,0.7077698851735671,5.76652508150108,0.4766127365821151,0.867343029266538,0.0,0.5977450391295098,1.0,0.0,R330Q
physical,epistatic,,45.51486783735242,59.94990776555785,0.6464193545980625,0.8042699664848297,0.8067843250683148,5.5760659162270825,0.436566328052994,0.5859134074430401,0.7262777369851634,0.33179344021310087,1.0,0.0,F134W_D304M
z_scales,epistatic,,49.794367450872684,63.63701841343631,0.6015892092321531,0.775689837223371,0.7762243127551212,5.652603074162009,0.44151743844392777,0.6265798646987444,0.7119858246153794,0.3766640014391831,1.0,0.0,F134W_D304M
vhse,epistatic,,51.0449152945804,64.56705879039313,0.5898587480628896,0.7681210779218841,0.7458171005034934,5.6749799692841405,0.3637961415763463,0.5847882913754898,0.6929686736790269,0.3594860785014269,1.0,0.0,F134W_D304M
kidera,epistatic,,52.876842903994415,65.86801848944218,0.5731643913567952,0.7573405288164287,0.7722515111544059,5.688786914043577,0.46256751919752515,0.5562735714247536,0.7199239775228683,0.3543430187198467,1.0,0.0,F134W_D304M
atchley,epistatic,,53.12437885697588,66.58359884531374,0.5638398576926753,0.7510611116249752,0.7421498990259101,5.710756138378512,0.4255304424222669,0.6578434249777538,0.670285456798289,0.4032317568526389,1.0,0.0,F134W_D304M
pcp,epistatic,,53.32159796177162,67.8262738914659,0.5474074881515609,0.7411994702254947,0.7320650949625561,5.718445733969868,0.4127559661576495,0.6041787681573012,0.7033720718052996,0.35902614162045016,1.0,0.0,F134W_D304M
physical,additive,,54.361506865728906,66.9044767339708,0.5596258656694182,0.7482594506927157,0.7504011023504723,5.670257004596514,0.7415182837173592,0.9338255776429703,0.0,0.5592800235538175,1.0,0.0,F134W_D304M
vhse,additive,,57.28824878673628,70.07973747441416,0.5168339861431441,0.7189974759319845,0.747192301057587,5.723547740181596,0.4320586126094019,0.8361661859014455,0.0,0.5782284153314241,1.0,0.0,F134W_D304M
kidera,additive,,57.29489340230343,70.2324151054839,0.5147264154740584,0.7175177822960712,0.7436778996415698,5.720287248145046,0.6722981709975748,0.9102546296852803,0.0,0.5763251778903683,1.0,0.0,F134W_D304M
atchley,additive,,57.39658959394529,70.59301171364743,0.5097305106143566,0.7140275256944746,0.7452059002572294,5.729622098961739,0.41842505197318564,0.851629052357211,0.0,0.5796582482556276,1.0,0.0,F134W_D304M
pcp,additive,,57.49892526289881,70.79481167574616,0.5069234968982981,0.7120629992498978,0.7349682961323095,5.732785496290084,0.5154356974112551,0.8579617480203379,0.0,0.5770501194189712,1.0,0.0,F134W_D304M
z_scales,additive,,57.77288254491005,70.38604596856456,0.5126010566777977,0.716054705242245,0.7387882976714588,5.723666786891651,0.4813396576369149,0.8679826570224434,0.0,0.5809146435550736,1.0,0.0,F134W_D304M
kidera,epistatic,,44.486074425890806,55.51936020486258,0.7070554687689858,0.8409660149584043,0.8338299359654913,5.543377581929393,0.41440150825266586,0.4606847858995332,0.7845242181630504,0.2599641326948734,1.0,0.0,F134W_D304L
physical,epistatic,,44.93594766290939,58.91317141776576,0.6701463500474734,0.8188496279898793,0.8139659279619154,5.555284781740362,0.4172767757234086,0.5598777118337811,0.7562010777478316,0.3186581089766074,1.0,0.0,F134W_D304L
atchley,epistatic,,45.142769413440334,57.81303941419137,0.6823505601555058,0.8263254711613226,0.810604326607464,5.58226134380551,0.38912941705324233,0.5054162681733905,0.7922172918196995,0.26740154373973246,1.0,0.0,F134W_D304L
vhse,epistatic,,46.32457765829611,58.559035580740264,0.6741000298601243,0.8210663053539133,0.8142715280850474,5.606888100585645,0.27905847372176984,0.4951858742896206,0.7566939188811332,0.27726117693520225,1.0,0.058823529411764705,F134W_D304L
pcp,epistatic,,46.59242250796114,59.79566371690545,0.6601902223767291,0.812752076251549,0.7797387141711384,5.615605532574743,0.34702535400635437,0.4947872137427648,0.7733189778454606,0.27315437968155565,1.0,0.0,F134W_D304L
z_scales,epistatic,,46.69482454981403,61.32533792204785,0.642582025462671,0.8017392482878177,0.7730155114622358,5.639692179696554,0.4692008635189264,0.5743817937972632,0.7704150849890812,0.35501114331496786,1.0,0.0,F134W_D304L
physical,additive,,55.95979249844315,68.68404536089909,0.5516592415802241,0.7429294051962171,0.7516235028430001,5.695827914037918,0.7026736609884019,0.9206413223849659,0.0,0.5676667333149841,1.0,0.0,F134W_D304L
atchley,additive,,56.38775725470201,69.60989893330714,0.5394906039234453,0.7346899605396808,0.7546795040743194,5.716947317896451,0.43091976019421435,0.8724000461875052,0.0,0.5684597623278937,1.0,0.0,F134W_D304L
kidera,additive,,57.46424981783151,70.15430272329522,0.532259350573009,0.7296411111669663,0.7779051134323468,5.7202773735970425,0.6739830166777102,0.911616026348681,0.0,0.5754019896564211,1.0,0.0,F134W_D304L
pcp,additive,,57.85520393885875,70.98248242897074,0.5211507003045205,0.7220775366499301,0.7358850965017054,5.736480822572249,0.4969012361749778,0.8471308430076372,0.0,0.5792872901757338,1.0,0.0,F134W_D304L
vhse,additive,,58.61781708045922,71.19623382981977,0.5182624152854668,0.7201514472105551,0.7581939054903368,5.736175329282343,0.40233810849269297,0.819828928430384,0.0,0.584433887849289,1.0,0.0,F134W_D304L
z_scales,additive,,59.18401379568025,71.50140828908775,0.5141237388890796,0.7172153863975137,0.7540683038280557,5.73494812464282,0.4754845177316479,0.8562602053933049,0.0,0.5853716188153564,1.0,0.0,F134W_D304L
physical,epistatic,,45.53479342121296,59.23020423911929,0.6729166172152699,0.8205590910575709,0.8139659279619154,5.576266118044636,0.411987241838063,0.5446472624631613,0.7595943672171894,0.31901390003911867,1.0,0.0,F134W_D304I
kidera,epistatic,,48.03354612803286,60.13531392114911,0.6628437729705957,0.8141527613472821,0.8167163290701027,5.6141240184731585,0.4425963464773893,0.470887385779877,0.7840812094546109,0.2930359867399688,1.0,0.0,F134W_D304I
vhse,epistatic,,48.15523064241922,61.094612694253875,0.6520011151659024,0.8076595237750264,0.7979219214974886,5.63052632162375,0.3649220390442467,0.5021574932211295,0.768447160634604,0.30032309863837203,1.0,0.0,F134W_D304I
z_scales,epistatic,,48.73680938190807,62.87586580047972,0.6314130311199557,0.7949329567151118,0.7922683192195479,5.665997093271548,0.4197991671807504,0.5433545523176002,0.7742348898503959,0.326904874872405,1.0,0.0,F134W_D304I
pcp,epistatic,,49.73732607763479,63.32564099872596,0.6261208821076312,0.7921006845917536,0.7743907120163296,5.665953912395582,0.391897049974158,0.5059153989086774,0.773201205925238,0.2975043220545487,1.0,0.0,F134W_D304I
atchley,epistatic,,51.393418026366305,64.76335798306005,0.6089513976387333,0.7805953521495014,0.7791275139248746,5.702880622935383,0.342486936127707,0.5606335583579565,0.7150919351908078,0.35920096185060857,1.0,0.0,F134W_D304I
physical,additive,,57.19923454811726,69.66127843948969,0.5475663469753971,0.7401388814029616,0.7511651026583022,5.7078743095254305,0.697204070337468,0.9173294939172456,0.0,0.5704124091307616,1.0,0.0,F134W_D304I
pcp,additive,,58.75849143567384,72.20835869247972,0.5138761067965418,0.7169840076720738,0.7505539024120383,5.749259303468916,0.5056447995302303,0.8561352031967392,0.0,0.57935241101567,1.0,0.0,F134W_D304I
kidera,additive,,58.82585513696554,71.52423094263425,0.523043893013611,0.7232886807763971,0.7852395163875132,5.734841009831343,0.6899512314722503,0.9254982995493091,0.0,0.5794578621248344,1.0,0.0,F134W_D304I
vhse,additive,,59.308892216098336,71.94159260206706,0.5174613378081434,0.719582234062432,0.7559019045668471,5.7450440895570605,0.42112528373210995,0.8327337955659424,0.0,0.5825767367096104,1.0,0.0,F134W_D304I
atchley,additive,,59.723525899774366,72.66002936617956,0.5077755771571515,0.7127750684739496,0.7537627037049237,5.752466888053154,0.4016137761059526,0.8459410243774601,0.0,0.5870014086418298,1.0,0.0,F134W_D304I
z_scales,additive,,60.32863409105796,72.79215450177692,0.5059838259216268,0.7114889594673999,0.7630835074604478,5.751432480820677,0.45846551942258695,0.8502040088932736,0.0,0.5867276447796841,1.0,0.0,F134W_D304I
physical,epistatic,,44.490356339591855,57.9536871740523,0.6956502661464126,0.8345387550653562,0.8276546982429334,5.544983358389127,0.40382089690737455,0.5254096582727559,0.7770182849982161,0.2968410647877898,1.0,0.0,F134W_D304R
z_scales,epistatic,,49.68895166437877,61.6131183994551,0.6560010142044248,0.8102040219197307,0.8181818181818181,5.644357036170289,0.4293413958920197,0.5527803711354976,0.7804794372856142,0.3380283113914967,1.0,0.0,F134W_D304R
vhse,epistatic,,50.78393596139631,62.18438811400951,0.6495924036580988,0.8060701950717182,0.8016806722689075,5.653410102806362,0.3481128327199605,0.5087015532653851,0.7616276292705674,0.308851853936,1.0,0.0,F134W_D304R
kidera,epistatic,,52.0875347490905,62.591002991379284,0.6449948904408007,0.803122416235587,0.8050420168067226,5.649493640572975,0.41588891273743434,0.4810399977571176,0.7721400727037635,0.29657675145841766,1.0,0.0,F134W_D304R
pcp,epistatic,,53.41745378157674,65.63422418132032,0.6096344408399823,0.7814085434301615,0.7564553093964858,5.6923993147339385,0.4014659543233079,0.5234771930961603,0.7707901732906548,0.31216036414225923,1.0,0.0,F134W_D304R
atchley,epistatic,,53.60299721645495,66.02994128242875,0.6049131235065907,0.7779489743871846,0.7714285714285714,5.712002948096455,0.4053880144853552,0.584829985434286,0.7212050996139184,0.3731951447320695,1.0,0.0,F134W_D304R
physical,additive,,59.469683139432306,70.00245827613807,0.5559443863158591,0.7458978313505528,0.7689839572192514,5.707099002671038,0.680754177445035,0.9202171328744606,0.0,0.5651338487064406,1.0,0.0,F134W_D304R
atchley,additive,,62.61535271284926,73.57116657982071,0.5095146199174789,0.7139912032188613,0.7506493506493506,5.759393507475131,0.4188636855194228,0.8645964499060305,0.0,0.5843961284280452,1.0,0.0,F134W_D304R
pcp,additive,,62.67625671013719,73.75708077942046,0.5070325765491617,0.7122402376984586,0.7271199388846448,5.762675270468357,0.5040712106562243,0.8615553033963947,0.0,0.5821173578587352,1.0,0.0,F134W_D304R
kidera,additive,,62.742144233203646,73.21385707005155,0.5142672838316773,0.717177368916525,0.7726508785332314,5.750601216993228,0.6628714943829102,0.9085522526054267,0.0,0.5827599273666537,1.0,0.0,F134W_D304R
vhse,additive,,62.90190724016995,73.23237414100123,0.514021552082468,0.7172451791961094,0.7482047364400305,5.7559483384659025,0.4232942534456462,0.8395415550892269,0.0,0.5841261048980336,1.0,0.0,F134W_D304R
z_scales,additive,,63.48285479784146,73.62591686134962,0.5087843282531016,0.7134857248287652,0.7448433919022154,5.756466552129843,0.46923821867067406,0.8661922865311308,0.0,0.5868613671409824,1.0,0.0,F134W_D304R
physical,epistatic,,43.78454475282624,57.06539802180339,0.7049620655230258,0.8399501730749102,0.8384139378124704,5.5359188481908665,0.38887478657264574,0.5332946280057722,0.7661428942234809,0.29498383535060285,1.0,0.0,F134W_D304E
z_scales,epistatic,,48.71471817686489,60.50902390234757,0.6682793926683122,0.8175864372564563,0.821147530855516,5.65735381572441,0.3987398079041904,0.5517208595890233,0.770143192918403,0.3264272433040494,1.0,0.029411764705882353,F134W_D304E
vhse,epistatic,,49.27091383464209,60.79192117436947,0.665170361316258,0.8156443428190966,0.8235923318405715,5.642442600427536,0.33295934752883827,0.5134243965753869,0.7650394448702333,0.2946852505222137,1.0,0.0,F134W_D304E
kidera,epistatic,,49.99311432055495,60.46448679327481,0.6687675327449504,0.8178499081873054,0.8216059310402137,5.625018024292913,0.42905095142219757,0.48479494882924107,0.7831022627868622,0.27973223245241313,1.0,0.0,F134W_D304E
atchley,epistatic,,50.65398129760308,64.28695097017808,0.6255638129180412,0.7910551795293782,0.7785163136786106,5.69140899322992,0.4448683199504516,0.6137511889086984,0.7477070517139655,0.361706391393801,1.0,0.0,F134W_D304E
pcp,epistatic,,51.575921509583985,64.00503340738996,0.6288406421737445,0.7937515173848839,0.7641531078914097,5.68069139949084,0.39837166319229267,0.530859786054324,0.7776803608614828,0.29470508959311226,1.0,0.0,F134W_D304E
physical,additive,,58.823716612249065,69.7823549172284,0.5588122959557766,0.7478113590825931,0.7713347107850101,5.705979940278126,0.6676769881948409,0.9166770982204122,0.0,0.5635599100236235,1.0,0.0,F134W_D304E
atchley,additive,,61.21435503701329,72.91699758177357,0.5182855064892007,0.7200529327217244,0.771487510846576,5.75220974181774,0.415842632113533,0.868550057258096,0.0,0.579814748659393,1.0,0.0,F134W_D304E
pcp,additive,,61.387165927356335,73.16911472670955,0.5149486043567655,0.7177274710302284,0.7452059002572294,5.756230537989847,0.49623405235242146,0.864654627161574,0.0,0.578216420473665,1.0,0.0,F134W_D304E
kidera,additive,,61.47840594812728,72.54749943762393,0.5231551977584477,0.7233317787338844,0.7823363152177598,5.74290485528503,0.6659702725522222,0.9179444611200187,0.0,0.5774069004058546,1.0,0.0,F134W_D304E
vhse,additive,,61.719155421432625,72.69262383035817,0.5212455239937482,0.722199390841225,0.7584995056134688,5.74996074393397,0.4108596535279631,0.8416837481593751,0.0,0.5804261404439068,1.0,0.0,F134W_D304E
z_scales,additive,,62.428062423753936,73.13461246833242,0.5154059400217538,0.718083513837171,0.7497899021042085,5.751744375590075,0.4505669666512395,0.8602807264417283,0.0,0.5837842018814936,1.0,0.0,F134W_D304E
physical,epistatic,,43.855632305764125,57.41794291091164,0.7010578792551447,0.837632944103173,0.8243563321484012,5.528858930881741,0.3886482395855472,0.5299323463357739,0.7732325392553754,0.2919663112554982,1.0,0.0,F134W_D304S
z_scales,epistatic,,49.028794638359294,61.18892253599771,0.6605018089522536,0.8128804330349352,0.8191611300551583,5.653344237181534,0.39874054849043555,0.5465679808395927,0.7657237474113473,0.33172071911782103,1.0,0.029411764705882353,F134W_D304S
vhse,epistatic,,49.28770288781053,61.003552593830605,0.6625556916164402,0.8140109303549997,0.8200779304245541,5.636389124671596,0.34037894790501755,0.5085312367290268,0.7652175459376318,0.29860786911703163,1.0,0.0,F134W_D304S
kidera,epistatic,,50.541171780856196,61.512300872743445,0.6569038875752433,0.8105635631644772,0.8151883284544431,5.631096882048444,0.3884159706267992,0.48378401927061315,0.7693806971098409,0.28463151285388577,1.0,0.0,F134W_D304S
pcp,epistatic,,51.31993822123857,63.89283132348524,0.6298343457930793,0.7941623544358004,0.7701123102924823,5.66450114503762,0.3773652069856714,0.5188564320320824,0.7726226088633243,0.29579854911648695,1.0,0.0,F134W_D304S
atchley,epistatic,,52.273951776711584,64.99133851568372,0.6169964355168092,0.7856096318298743,0.7876843173725687,5.7036445404769935,0.35371931131866857,0.5650167186216101,0.7136876202127527,0.3550456027655056,1.0,0.0,F134W_D304S
physical,additive,,58.58410144448547,69.70454316800398,0.559430910761516,0.7482244472852103,0.7777523133707808,5.701832719376444,0.6524801559732584,0.9155127257067626,0.0,0.5613976066534496,1.0,0.0,F134W_D304S
atchley,additive,,61.34239148733667,72.82046892698945,0.5191619853135935,0.7206393181365234,0.7644587080145415,5.748804774823612,0.40096760039176305,0.8615150766779249,0.0,0.5784591679800244,1.0,0.0,F134W_D304S
pcp,additive,,61.532379983099005,72.99517588012597,0.5168520162411668,0.7190247927579838,0.756818704936243,5.75120936741001,0.47475094854951916,0.8557031357506183,0.0,0.5766353463745704,1.0,0.0,F134W_D304S
vhse,additive,,61.756253436874594,72.42746128824076,0.5243380869681216,0.7242979043238029,0.7701123102924823,5.74426593888028,0.4117205558155372,0.84220934245187,0.0,0.5780075143582089,1.0,0.0,F134W_D304S
kidera,additive,,61.90719573226017,72.7722869213729,0.5197980722749524,0.7210244093601446,0.7731683115238017,5.744613527078358,0.63970297727998,0.8985246492002488,0.0,0.5786293116332211,1.0,0.0,F134W_D304S
z_scales,additive,,62.16476786476551,72.8904361875095,0.5182375452074433,0.7200536292615296,0.7516235028430001,5.747668079056528,0.45088425207895133,0.8619253330357788,0.0,0.5812472717143349,1.0,0.0,F134W_D304S
physical,epistatic,,42.11013754382731,58.63612780398577,0.6872877958724268,0.8294273149518215,0.8130491275925196,5.512382395658711,0.5152381209824731,0.5520319130087301,0.779383020923721,0.29946594573189295,1.0,0.0,F134W_D304V
z_scales,epistatic,,44.55841203292104,57.46370418961006,0.6996680743484771,0.8372250580063259,0.8257315327024949,5.568943845897663,0.473356792317993,0.5156566936217398,0.863081816579122,0.23887437607687975,1.0,0.0,F134W_D304V
vhse,epistatic,,47.7809088072933,59.661996481533066,0.6762499609767265,0.8227683428506362,0.8231339316558736,5.63064817495668,0.3997945820300181,0.5037830156860745,0.7983952741845488,0.2642796507302889,1.0,0.0,F134W_D304V
kidera,epistatic,,49.027991256980464,59.175160666618346,0.6815119391153865,0.8255732399924606,0.8336771359039253,5.60252335519179,0.478233335782958,0.46624515010701206,0.8029305381758753,0.2810184310401796,1.0,0.0,F134W_D304V
atchley,epistatic,,49.80818920040388,61.26594959753472,0.6586085786850508,0.8119615894861624,0.7989915219284505,5.6427264099224255,0.3783063764141084,0.5328546071362232,0.7832441453576993,0.2859117856104435,1.0,0.0,F134W_D304V
pcp,epistatic,,51.70183688357236,64.14432480179426,0.6257767715425699,0.7923454032087124,0.7704179104156142,5.692515830901861,0.42712647828082806,0.5204339692558301,0.7834937711732919,0.28881609709878875,1.0,0.0,F134W_D304V
physical,additive,,57.68140891169784,68.24166196668055,0.5764414475064192,0.7595235682523179,0.8367331371352448,5.680041618970917,0.712736923894481,0.9379142509873932,0.0,0.5495851576835804,1.0,0.0,F134W_D304V
atchley,additive,,61.16701448091484,71.9022983244033,0.5297813932005515,0.728002728976873,0.7658339085686352,5.737056244982718,0.41879785175847284,0.8707240860523042,0.0,0.5713682691725022,1.0,0.0,F134W_D304V
pcp,additive,,61.32453903759376,72.33608755164633,0.5240905858822873,0.7240861574907024,0.7562075046899792,5.744791081091861,0.49528884314378097,0.8618671306333385,0.0,0.5720930059660835,1.0,0.0,F134W_D304V
vhse,additive,,61.32755551091208,71.69906066773578,0.5324358581425592,0.7299292698201697,0.7655283084455032,5.7364009891658725,0.4265774451416011,0.8469736868079515,0.0,0.5727311661520146,1.0,0.0,F134W_D304V
kidera,additive,,61.4014520574089,71.62315608966884,0.5334253124702542,0.7303941000110197,0.7722515111544059,5.729740211875885,0.6978559351495113,0.9323544848309939,0.0,0.572039062829705,1.0,0.0,F134W_D304V
z_scales,additive,,61.54438407099772,71.65765225214916,0.532975767572508,0.7301934005348519,0.7759187126319891,5.731160499769661,0.47668459150641546,0.8800986833338549,0.0,0.5713591877268256,1.0,0.0,F134W_D304V
physical,epistatic,,44.01365001556249,58.49936811978351,0.6810452236467349,0.825646160021765,0.8180915296241965,5.5528249234431755,0.40699919013099506,0.5339253708897325,0.7729902994771316,0.31265015964037096,1.0,0.0,D99R_D304M
z_scales,epistatic,,46.246715668582254,60.86297338404796,0.6547504741241059,0.8093361248683044,0.8132019276540856,5.631924940760594,0.40388644547685526,0.533655013007087,0.7649012220199651,0.3450485074669662,1.0,0.0,D99R_D304M
vhse,epistatic,,47.206743322646254,61.211308562377965,0.6507872532709408,0.8067486964392567,0.7980747215590547,5.636157973900979,0.3342824376046284,0.4996631806866274,0.7462596812049109,0.3191539156596416,1.0,0.0,D99R_D304M
kidera,epistatic,,48.062070098663625,61.29624660844678,0.6498174315671235,0.8061392564437162,0.8118267270999918,5.629689171644821,0.4189692254647399,0.48058659407810395,0.7576787332123447,0.3141402691291748,1.0,0.0,D99R_D304M
pcp,epistatic,,50.0276295642261,64.79098610964597,0.6087485683279575,0.7808021937254352,0.7542211038896217,5.677396269465504,0.3918127455722157,0.513447429569958,0.7583083094241511,0.32303034799910746,1.0,0.0,D99R_D304M
atchley,epistatic,,50.47460727251987,65.15662937901365,0.6043201090227759,0.7774796927493681,0.7603331063522603,5.698595664107785,0.37621451016366214,0.5627707573332899,0.7105785925869503,0.3742809005033231,1.0,0.0,D99R_D304M
physical,additive,,58.5180914356753,70.18024621931609,0.5409536537005954,0.7358900760972927,0.7853923164490793,5.709812044005989,0.6859014804998917,0.9167047064081704,0.0,0.5730872160752147,1.0,0.0,D99R_D304M
atchley,additive,,61.39476927696237,73.6577580909594,0.4943340014144887,0.7033512209473971,0.747345101119153,5.761985409340352,0.43074183243378683,0.863091851044193,0.0,0.5927355409083302,1.0,0.0,D99R_D304M
pcp,additive,,61.48977478547478,73.80188541350951,0.4923531757312979,0.7019062225443282,0.737871497302063,5.763706287525954,0.5139671126698186,0.8583380396025326,0.0,0.5906751986206609,1.0,0.0,D99R_D304M
vhse,additive,,62.02087923379874,73.3645813500208,0.4983513507825996,0.7062862427779123,0.7537627037049237,5.758481104020061,0.42678681885744485,0.8340634875382786,0.0,0.5928084494143827,1.0,0.0,D99R_D304M
kidera,additive,,62.1477171762683,73.3912716333004,0.4979862814312559,0.7058151828225359,0.7540683038280557,5.753742058181344,0.6631356877591756,0.9011870942171287,0.0,0.5912052045594904,1.0,0.0,D99R_D304M
z_scales,additive,,62.51240786385489,73.75232795670426,0.49303470951106443,0.702450842017227,0.7500955022273404,5.759069770140021,0.47217844107700924,0.8595670518283911,0.0,0.5954221949526968,1.0,0.0,D99R_D304M
physical,epistatic,,44.09358954318233,59.03395103250299,0.684247025298881,0.8275607159990545,0.8087707258686725,5.56284961346875,0.4079387700289283,0.5213600054475749,0.7750261810866146,0.2997965614613901,1.0,0.0,D99R_F134W
z_scales,epistatic,,48.36810052626819,61.36496455641358,0.6588190888227553,0.811758878524755,0.8151883284544431,5.62492503414655,0.4328847912016942,0.5418847886759801,0.7876919900404392,0.3327650583010945,1.0,0.0,D99R_F134W
vhse,epistatic,,49.36357623397898,61.732523465238664,0.6547196926295346,0.8091642105609762,0.7953243204508672,5.617830183360911,0.3461650655084353,0.4923041917191235,0.7703920449065382,0.29445582801988324,1.0,0.0,D99R_F134W
kidera,epistatic,,50.71657326060091,62.00680306346837,0.6516446934665507,0.8073327470072326,0.8041867240216933,5.609695440237482,0.4063566367178007,0.4683254285396352,0.7808954159612744,0.2852448758345301,1.0,0.0,D99R_F134W
pcp,epistatic,,51.73332897279931,64.7568289830835,0.6200601058712105,0.7879886750910935,0.756818704936243,5.644597726816849,0.3979652764479583,0.5048296681403351,0.7885353139021416,0.29349817582621573,1.0,0.0,D99R_F134W
atchley,epistatic,,52.7451317923712,66.15867920466914,0.603432242020941,0.7769504795696109,0.7690427098615207,5.718701418273589,0.41395885584853,0.5799148834843472,0.7333482398882022,0.3675458204294446,1.0,0.0,D99R_F134W
physical,additive,,59.23617662744423,70.45188549857147,0.5502936805609986,0.7421206868113719,0.7672091091227289,5.712698833152087,0.6872561577634232,0.9169666924316773,0.0,0.5657315210119442,1.0,0.0,D99R_F134W
pcp,additive,,62.37784084543039,74.2780636773623,0.5001209948175416,0.7073467395112071,0.7131178873283761,5.769295234558154,0.5099404417996181,0.8576650830233594,0.0,0.5827197838929077,1.0,0.0,D99R_F134W
atchley,additive,,62.47496441595866,74.11294067138493,0.5023410251570527,0.7089315893355077,0.7332874954550839,5.7665158456519165,0.4209246056459609,0.859976786643496,0.0,0.5856632271078952,1.0,0.0,D99R_F134W
vhse,additive,,62.81296576819459,73.73341756316921,0.5074248737139706,0.7125661155524757,0.7384826975483268,5.762235587463575,0.4253944830431372,0.8348579899191586,0.0,0.5854737518702942,1.0,0.0,D99R_F134W
kidera,additive,,62.97090561423575,73.67490891189892,0.5082062961059086,0.7129631005998189,0.7676675093074269,5.756557410347083,0.6652260441126673,0.9030339158468117,0.0,0.584081346472721,1.0,0.0,D99R_F134W
z_scales,additive,,63.38227221230084,74.14605573622327,0.501896198899721,0.7086458308654429,0.72320269139173,5.763196122095533,0.4715218827385287,0.8614102493611515,0.0,0.5883820585161057,1.0,0.0,D99R_F134W
physical,epistatic,,37.34025924994306,45.68802438768996,0.7953905131006234,0.8923960573525944,0.8752387526498688,5.400256859545739,0.4179712380843075,0.49158110027929613,0.7943568580980422,0.26424683624365863,1.0,0.0,D99R_F134W_R330A
z_scales,epistatic,,43.42544986984252,51.915176367142486,0.7358140751327433,0.858373444910077,0.8384139378124704,5.5514009450974635,0.43711265236821173,0.5010621333307292,0.8119036186842149,0.30447254372737065,1.0,0.0,D99R_F134W_R330A
vhse,epistatic,,43.73041830269088,52.09564333250366,0.7339741623236613,0.8568340809264781,0.8329131355960955,5.468447358355024,0.3318233357531808,0.4336036899558646,0.8241727998072839,0.21815737826063675,1.0,0.029411764705882353,D99R_F134W_R330A
kidera,epistatic,,44.355408476127934,52.58098591515318,0.7289942793805468,0.8538279457625826,0.8316907351035677,5.420442024951164,0.3784153017584794,0.41658238456820185,0.8241348010463299,0.19606174170484233,1.0,0.0,D99R_F134W_R330A
pcp,epistatic,,45.44390347169293,53.87983660278688,0.7154401990830604,0.8460984841749118,0.8089235259302385,5.447762013926197,0.4102513889414159,0.4486421240895218,0.847136956663237,0.21282991174180782,1.0,0.0,D99R_F134W_R330A
atchley,epistatic,,47.69719960145045,58.26918279590997,0.6671880873899151,0.8171293675330288,0.7930323195273777,5.705783267074724,0.4108565846428973,0.5273478654383879,0.7621096411308883,0.33077052770611826,1.0,0.0,D99R_F134W_R330A
physical,additive,,57.048378698444495,68.15246667761372,0.5447141357221525,0.73862624731774,0.8089235259302385,5.683456930041118,0.639373722632355,0.9034107297095835,0.0,0.5675334323307573,1.0,0.0,D99R_F134W_R330A
atchley,additive,,59.696593236081476,71.14068050111982,0.5039139227823763,0.7101908560492507,0.7792803139864405,5.730179439069245,0.4306448280198053,0.8681636416089298,0.0,0.5863261176207128,1.0,0.0,D99R_F134W_R330A
pcp,additive,,59.89718382004114,71.44227426121734,0.49969879280940876,0.707222807987051,0.7555963044437153,5.732830036283003,0.5047257202812235,0.8623967019495774,0.0,0.5830967868191073,1.0,0.0,D99R_F134W_R330A
kidera,additive,,60.21263847607374,70.9908484497148,0.5060013731674027,0.7115074262594545,0.7724043112159719,5.724996666207801,0.6522133976136637,0.9004364338884598,0.0,0.5840475113893366,1.0,0.0,D99R_F134W_R330A
vhse,additive,,60.319562796592045,70.96054038197114,0.506423088026468,0.7120536110646648,0.771793110969708,5.727990070589049,0.42117591972452684,0.8355988225933648,0.0,0.5860823321608937,1.0,0.0,D99R_F134W_R330A
z_scales,additive,,60.576242596906724,71.2187871772124,0.5028240005283732,0.7094669597947424,0.7795859141095726,5.72792269732368,0.47165248262803317,0.8623845831863726,0.0,0.588178354064961,1.0,0.0,D99R_F134W_R330A
physical,epistatic,,44.59507691453993,58.676832639114394,0.6880075336305997,0.8300705894788408,0.8264323911382734,5.570882924542376,0.40725175913180234,0.5234159787824871,0.7710917698294708,0.30178736343331647,1.0,0.0,D99R_F134W_D304M
z_scales,epistatic,,48.69460341024466,61.342400988260096,0.6590173174328025,0.8120089385154411,0.8242933537051184,5.630456944905517,0.4348108861479086,0.5401678157824098,0.7870132283990932,0.33453371882905536,1.0,0.0,D99R_F134W_D304M
vhse,epistatic,,49.89740849506969,61.942502509408484,0.6523131414003956,0.807783832118712,0.8276546982429334,5.625049515066142,0.3453580980616111,0.4922131322212381,0.7706279425813043,0.29764274017099435,1.0,0.0,D99R_F134W_D304M
kidera,epistatic,,51.22434971137977,62.205842305264056,0.6493505742003471,0.8058608671270099,0.8175706646294881,5.61677993250913,0.4082601658504135,0.4670649598983808,0.7829128474951141,0.286814834703792,1.0,0.0,D99R_F134W_D304M
pcp,epistatic,,52.3501272559409,65.0690540365982,0.6163282985188159,0.7858774899575398,0.7790679908326967,5.654481706229572,0.39775967359461284,0.5064623195542117,0.785662313552205,0.3000641484441398,1.0,0.0,D99R_F134W_D304M
atchley,epistatic,,52.908914242171576,66.09170524881607,0.6041736545662397,0.7775140829274583,0.7711229946524063,5.726870551210451,0.4126294352361515,0.5748817645124493,0.7255204333399073,0.36997594025707814,1.0,0.0,D99R_F134W_D304M
physical,additive,,58.724413441681776,69.90259593211998,0.5572104219856011,0.7468706592612815,0.7934300993124522,5.705254481743098,0.6749484191992716,0.9153863936146047,0.0,0.5628044846685183,1.0,0.0,D99R_F134W_D304M
atchley,additive,,61.75694973885294,73.31448606919993,0.5129311327301893,0.7164592630133196,0.7509549274255156,5.75639867995244,0.4166746289323802,0.8595873027831984,0.0,0.5812189211407662,1.0,0.0,D99R_F134W_D304M
pcp,additive,,61.82492961217912,73.50635190764775,0.5103784541379102,0.7146547971145621,0.7298701298701298,5.759281705805406,0.49509243304568573,0.8540891009713507,0.0,0.5793865259334532,1.0,0.0,D99R_F134W_D304M
kidera,additive,,61.98955308117012,72.97682143949054,0.5174073882979442,0.719424759018124,0.759205500381971,5.74772940947321,0.663564262612163,0.9046629745076873,0.0,0.5798039239723833,1.0,0.0,D99R_F134W_D304M
vhse,additive,,62.046028840015836,72.99897194289818,0.5171143831660214,0.7194653405341876,0.7567608861726508,5.752872816123195,0.4161116043568786,0.8340028865059999,0.0,0.5812492950690283,1.0,0.0,D99R_F134W_D304M
z_scales,additive,,62.674188086088634,73.37094420195841,0.5121806783934948,0.7159500503446592,0.7399541634835751,5.7536087158987606,0.46062510508020515,0.8574690370195837,0.0,0.5840670808830056,1.0,0.0,D99R_F134W_D304M
physical,epistatic,,45.176440914848286,58.460713022265985,0.6897768168555617,0.8309415455558092,0.825273132517797,5.554189760695884,0.4046654301182343,0.5217502873377393,0.7742113691106947,0.300092313800614,1.0,0.0,D99G_F134W_D304M
z_scales,epistatic,,49.64930226310949,61.74499090214928,0.6539415201124599,0.8088696048802179,0.8150355283928772,5.64173899887784,0.4241071758786795,0.5468661518911093,0.7765480285146606,0.34020177058184586,1.0,0.0,D99G_F134W_D304M
vhse,epistatic,,50.7564726807758,62.46495562292607,0.6458241822149564,0.8037024795686364,0.7991443219900165,5.655460566808411,0.3520001278112831,0.5049107952613132,0.759963511518071,0.31133717396924304,1.0,0.0,D99G_F134W_D304M
kidera,epistatic,,52.12974739115587,62.774818674867674,0.6423016246081881,0.8014542941629981,0.8029643235291657,5.652381812081029,0.4180277548131184,0.47725380486928826,0.770133135672379,0.30035493986945283,1.0,0.0,D99G_F134W_D304M
pcp,epistatic,,53.28362430329511,65.6897256828952,0.6083114012045923,0.7805609657727215,0.7665979088764651,5.692075965973365,0.40390769896355927,0.5203425276020456,0.7689075666579959,0.3145171644188576,1.0,0.0,D99G_F134W_D304M
atchley,epistatic,,53.390318429358736,65.97276427776993,0.6049287769590111,0.7778799806737641,0.7702651103540482,5.707907003782435,0.4055615861374743,0.58118915487184,0.7229075872882273,0.3734811849401939,1.0,0.0,D99G_F134W_D304M
physical,additive,,58.831417419418436,69.90063964477034,0.5564849785337381,0.7462412120219001,0.7739323118316317,5.705943287068964,0.676284414167925,0.9179968055489105,0.0,0.5651056755187406,1.0,0.0,D99G_F134W_D304M
atchley,additive,,61.87433677414835,73.35235587985058,0.5116016732932447,0.7154203624495683,0.7465811008113231,5.757440627463182,0.414340167926764,0.8602073957822062,0.0,0.5836717953657629,1.0,0.0,D99G_F134W_D304M
pcp,additive,,61.8945509410918,73.54752478251581,0.5089992490435475,0.7135854774356803,0.7152570881902995,5.760402791559872,0.5003644558627913,0.8588980317592683,0.0,0.5808995175830556,1.0,0.0,D99G_F134W_D304M
kidera,additive,,62.12770423974931,73.08701266600505,0.5151287253236192,0.7177671849108878,0.7618611069679201,5.749461411716929,0.6639828539486781,0.9080825171001179,0.0,0.5826052895025735,1.0,0.0,D99G_F134W_D304M
vhse,additive,,62.15435382429905,73.05815142770118,0.5155115901271226,0.7182457641247404,0.747345101119153,5.7541774470597815,0.41827310302630993,0.8374008638059754,0.0,0.5839348332991983,1.0,0.0,D99G_F134W_D304M
z_scales,additive,,62.89184158054588,73.48049940501315,0.5098937595039881,0.7142371449528412,0.7395522979792886,5.755507939937866,0.46054690996516723,0.8589792844538432,0.0,0.5870247657935141,1.0,0.0,D99G_F134W_D304M
physical,epistatic,,42.9812630332525,57.28054206374835,0.7014958525620425,0.8379870881871478,0.8232867317174395,5.534438555999175,0.37289046336626175,0.5083829505497477,0.7641397685259641,0.28804615990488314,1.0,0.0,D99V_F134W_D304M
z_scales,epistatic,,47.307172921543504,60.482516807488636,0.6671904033063087,0.817041597911191,0.8176331294394986,5.638704629689956,0.39389360951006663,0.5338366447803734,0.758520193770324,0.3275476295701304,1.0,0.0,D99V_F134W_D304M
vhse,epistatic,,48.125023074411565,61.082757313620014,0.6605518879436026,0.8128262187857961,0.8029643235291657,5.640245707722334,0.33706597766476903,0.4944174874732742,0.7572883807076924,0.29181927683642106,1.0,0.0,D99V_F134W_D304M
kidera,epistatic,,49.48480419409557,61.58825888984394,0.6549103097966844,0.8092716129218989,0.8135075277772175,5.637150227321803,0.40374557810744804,0.4702079816108343,0.7656973527273893,0.28144397863068527,1.0,0.0,D99V_F134W_D304M
pcp,epistatic,,50.62128492556177,64.19518041543226,0.6250779536680502,0.7911189535988276,0.7746963121394616,5.6756623377728195,0.37293298832655447,0.50741100667239,0.7603014256799285,0.29461836344338466,1.0,0.0,D99V_F134W_D304M
atchley,epistatic,,51.18954138344813,65.27996161794508,0.6122999008681059,0.7827232714046558,0.7693483099846525,5.710141409705318,0.4287309271621466,0.5952977982632739,0.7269563411304062,0.36740152671366466,1.0,0.0,D99V_F134W_D304M
physical,additive,,56.88917378535032,68.58469773740434,0.5720524058235557,0.7566543172458314,0.7771411131245168,5.688207392925729,0.6493778779800581,0.9050663338794124,0.0,0.5531771252838006,1.0,0.0,D99V_F134W_D304M
atchley,additive,,59.72271081212582,71.87840675296229,0.5299619506123656,0.72818175215247,0.7612499067216562,5.738317753844239,0.41015143402454324,0.8576726448614851,0.0,0.5711814358247043,1.0,0.0,D99V_F134W_D304M
pcp,additive,,59.8807921236403,72.05959531051046,0.5275892531325236,0.7265415795757143,0.7476507012422849,5.740765512304424,0.47760184415371976,0.8494417638803478,0.0,0.5690282979798438,1.0,0.0,D99V_F134W_D304M
vhse,additive,,60.00986497271852,71.55603107029401,0.5341687503838173,0.7311707834541286,0.7580411054287708,5.734359424411589,0.4042124419215424,0.8309589576860238,0.0,0.5714365835138671,1.0,0.0,D99V_F134W_D304M
kidera,additive,,60.057517064196134,71.58216109516117,0.533828474256022,0.730699195139137,0.766903508999597,5.7300200522660445,0.6570919168121178,0.9023248913513646,0.0,0.5696662970579349,1.0,0.0,D99V_F134W_D304M
z_scales,additive,,60.68008517834636,71.89492320022677,0.5297459121398875,0.7280424914223732,0.7352738962554415,5.735257089457559,0.44413376146152655,0.8518668636389715,0.0,0.5739094252864734,1.0,0.0,D99V_F134W_D304M
physical,epistatic,,45.097533772755774,57.03622809749707,0.6244185078412596,0.7905522373548302,0.8240507320252695,5.5433985075986305,0.4489471319295014,0.5806071103350301,0.8140166692806068,0.3497322249096919,1.0,0.0,F134W_D304M_R330A
z_scales,epistatic,,49.638590855708706,61.56793337369756,0.5623653091165,0.7500312240907423,0.8083123256839745,5.659782394080851,0.455024207739278,0.604488400848681,0.7944071233993206,0.4031343159794255,1.0,0.0,F134W_D304M_R330A
vhse,epistatic,,51.57802978325189,63.154846722817176,0.5395144998691168,0.7348293843533618,0.7901291183576242,5.651284724102408,0.38366572273924804,0.573039521065982,0.763060319194465,0.3928590576998914,1.0,0.0,F134W_D304M_R330A
pcp,epistatic,,53.09890105293402,64.93048165320549,0.5132568619907425,0.717526390917546,0.7606387064753923,5.653642090405896,0.4597995518119873,0.581511933636847,0.7992882539215173,0.3827703744891298,1.0,0.0,F134W_D304M_R330A
atchley,epistatic,,53.12662696551292,64.90340697723651,0.5136627011233857,0.7169151059751719,0.7606387064753923,5.686002742688575,0.44440217503365625,0.6514231839195825,0.72711146490018,0.44506350407031525,1.0,0.0,F134W_D304M_R330A
kidera,epistatic,,54.332488129205906,65.54838463711688,0.5039487187973494,0.7106722078586907,0.7601803062906943,5.6815076449140545,0.44230794040596383,0.5420261141662943,0.7535433057538055,0.39237876283195067,1.0,0.0,F134W_D304M_R330A
physical,additive,,54.54384950398336,65.18174865226193,0.5094823903823299,0.7139674157086656,0.7316066947778582,5.629756477852053,0.6376921509740807,0.8807492401676744,0.0,0.5951017876538395,1.0,0.0,F134W_D304M_R330A
vhse,additive,,56.97066401920431,68.16504698817799,0.4635539330346693,0.6809545560212141,0.7195354899141466,5.678073386991495,0.3948405568699569,0.8032869002305474,0.0,0.6152446621447382,1.0,0.0,F134W_D304M_R330A
kidera,additive,,56.99233544188864,68.066065808872,0.4651107283524374,0.6819925150541271,0.718771489606317,5.671667670117828,0.6727399905740792,0.8830064225585653,0.0,0.6126430458289962,1.0,0.0,F134W_D304M_R330A
atchley,additive,,57.068618783426814,68.72961798392542,0.45463099915318816,0.6743240153682992,0.708839485604529,5.6856929964054315,0.38796586632814284,0.8186262263302901,0.0,0.6169849309336786,1.0,0.0,F134W_D304M_R330A
z_scales,additive,,57.07435872989549,68.37427032898759,0.460255782694476,0.6784793410875862,0.7233554914532959,5.678848956963005,0.43817622971930625,0.8218986733773812,0.0,0.6187431560386369,1.0,0.0,F134W_D304M_R330A
pcp,additive,,57.20408199567522,68.86132409870592,0.4525388224029512,0.6727715874465268,0.7060890844963414,5.686780053241758,0.43955295911337594,0.8137736011910799,0.0,0.6130548019603455,1.0,0.0,F134W_D304M_R330A
physical,epistatic,,45.76125748676026,59.353426891743894,0.6647758212184006,0.8155046673200272,0.8121323272231237,5.578315867020452,0.40155794748273965,0.5299076086038701,0.7883797146961891,0.3062765241136929,1.0,0.0,F134W_D304M_R330Q
z_scales,epistatic,,50.375817361623206,63.33116418850843,0.6183382117475184,0.7864097790907395,0.8138131279003494,5.679168332671675,0.42460019744385175,0.555168855100389,0.7950525715907655,0.3451367730114831,1.0,0.0,F134W_D304M_R330Q
vhse,epistatic,,51.971383224935366,64.43064380537363,0.604971272654635,0.7778362199242306,0.7954771205124331,5.692980226205274,0.35042204865364274,0.5125763639106401,0.7766090498375076,0.316603533165513,1.0,0.0,F134W_D304M_R330Q
atchley,epistatic,,53.89709312482981,67.74967934234634,0.5632245439656035,0.7505860929145628,0.757429905182507,5.738755194249594,0.41956107992780367,0.6007218880044518,0.7298280540973133,0.3901771964741174,1.0,0.0,F134W_D304M_R330Q
kidera,epistatic,,54.16057739576004,66.41990432116835,0.5802021315921676,0.7623736158087985,0.7918099190348499,5.7157702496158675,0.41397857394342435,0.4874275465810508,0.7882598603912927,0.30708593537284323,1.0,0.0,F134W_D304M_R330Q
pcp,epistatic,,54.51792367142146,67.58897790432654,0.5652941389542651,0.7523824313899358,0.7392466978561568,5.731583860016196,0.4015771283527801,0.5264857071733229,0.7897671367115306,0.3199340159358288,1.0,0.0,F134W_D304M_R330Q
physical,additive,,54.676400415754415,67.78830729940104,0.5627263407713212,0.7503092656387431,0.7539155037664897,5.687516657129051,0.6821435504981799,0.9281922136609312,0.0,0.5641872165263513,1.0,0.0,F134W_D304M_R330Q
pcp,additive,,57.49744058918981,71.66887429960505,0.5112295923564963,0.7150895159135269,0.728397893484973,5.7464595162375565,0.4947321618299634,0.8664056330703,0.0,0.5821081896902032,1.0,0.0,F134W_D304M_R330Q
atchley,additive,,57.51331831999107,71.4581242221001,0.5140999303832847,0.7171166932482353,0.7287034936081049,5.743714373873718,0.41636846458865173,0.8726347653584425,0.0,0.5852311008183362,1.0,0.0,F134W_D304M_R330Q
vhse,additive,,57.64491471980926,71.07459505289906,0.5193017670096027,0.7208382926085716,0.7390938977945908,5.7394762943231115,0.4136872366425694,0.8479954387081412,0.0,0.5835477632841243,1.0,0.0,F134W_D304M_R330Q
kidera,additive,,58.08339584442698,71.36795348962657,0.5153254403428279,0.7178853274176156,0.7552907043205833,5.737761049013009,0.6458079610424354,0.9164784904950751,0.0,0.5825456236686296,1.0,0.0,F134W_D304M_R330Q
z_scales,additive,,58.59453690204486,71.54803262105297,0.5128764451352021,0.7162775440830318,0.7458171005034934,5.741306730708679,0.440935722980357,0.8664447012960741,0.0,0.5865687550935819,1.0,0.0,F134W_D304M_R330Q
physical,epistatic,,33.48801691489602,43.85593865275734,0.824224615599424,0.9085218027027135,0.8789059541274521,5.35855345295883,0.40882810320236784,0.5865687887332766,0.7405023574761298,0.2414390436757625,1.0,0.0,D99R_F134W_D304M_R330A
vhse,epistatic,,37.45858525976086,47.67012759527933,0.7923203880071032,0.8901822438555034,0.8599587464932721,5.361718048963653,0.30596186913651824,0.49112975079414956,0.7945467750541507,0.15814637684588564,1.0,0.029411764705882353,D99R_F134W_D304M_R330A
kidera,epistatic,,37.901204689506066,48.032962841166544,0.7891469014346931,0.8884469696541444,0.8578195456313483,5.311365962576746,0.3787253990959071,0.47658805658623754,0.7897311652419041,0.1503621050259381,1.0,0.0,D99R_F134W_D304M_R330A
z_scales,epistatic,,38.98558631263543,49.68288994910573,0.7744125501578549,0.8805131398848145,0.8706547508028898,5.52489212506341,0.3013434306390824,0.5241905855445338,0.7778441895477812,0.20076396881021447,1.0,0.058823529411764705,D99R_F134W_D304M_R330A
pcp,epistatic,,40.03114695567613,51.084844207027025,0.7615016485284322,0.8726542515432291,0.8390251380587342,5.366227124568281,0.3686486028421334,0.504078564660273,0.8070259805678393,0.1582243852793737,1.0,0.0,D99R_F134W_D304M_R330A
atchley,epistatic,,45.60332896343897,57.97464249289057,0.692830993274413,0.8324496198786728,0.8052563244526552,5.741327030043372,0.3558236216465973,0.5884613678507089,0.7277070813296775,0.2778865167276599,1.0,0.058823529411764705,D99R_F134W_D304M_R330A
physical,additive,,55.14749923086294,66.57920574248722,0.5948848778524995,0.771487082884452,0.7632363075220138,5.668846059491107,0.7150219391295927,0.9970327703811146,0.0,0.5304420988703239,1.0,0.0,D99R_F134W_D304M_R330A
pcp,additive,,58.977698221293444,70.73773063060374,0.5426975998415533,0.7367441830419462,0.7285506935465389,5.731199807957772,0.5217821022877153,0.9211602873828624,0.0,0.5488035036781167,1.0,0.0,D99R_F134W_D304M_R330A
atchley,additive,,59.04578342716978,70.597541889538,0.5445083766819863,0.7379850787764024,0.7500955022273404,5.729314866937654,0.42890390490371855,0.9247506204246443,0.0,0.55177713878715,1.0,0.0,D99R_F134W_D304M_R330A
vhse,additive,,59.19371907188068,70.35790488546027,0.5475953791655432,0.7401293483225754,0.7441362998262677,5.725030852542405,0.4248500498512956,0.8927545463376612,0.0,0.551675305341625,1.0,0.0,D99R_F134W_D304M_R330A
kidera,additive,,59.63371652191949,70.80094879247287,0.5418798541994447,0.7361743425079708,0.7497899021042085,5.725431253127272,0.644261546514209,0.9570326420831101,0.0,0.5510240898388388,1.0,0.0,D99R_F134W_D304M_R330A
z_scales,additive,,60.137465543862966,70.7805636377781,0.5421436220096151,0.7364109679302698,0.7393994979177227,5.7255654555663735,0.46083613156260783,0.9173594371178744,0.0,0.5544358897604729,1.0,0.0,D99R_F134W_D304M_R330A
physical,epistatic,,44.17496686504649,58.98585625625706,0.6575841796394418,0.8117107884687206,0.8018947230982038,5.554312364627074,0.4024678131071713,0.5189382473986789,0.8049780790024672,0.3087827975108628,1.0,0.0,D99G_F134W_D304M_R330A
z_scales,epistatic,,48.71878731206636,62.46100687656772,0.6160488195485475,0.7850324082092449,0.7884483176803986,5.652282837508358,0.4099508977838513,0.5428428724835785,0.7901422941756024,0.3533620862336029,1.0,0.0,D99G_F134W_D304M_R330A
vhse,epistatic,,49.35427683115867,62.909234281384,0.6105184912560169,0.7816020381900379,0.7695011100462186,5.658153207757475,0.34931058728129905,0.5014526785354366,0.7865474807374293,0.3197874601610703,1.0,0.0,D99G_F134W_D304M_R330A
kidera,epistatic,,50.783057695280924,63.32971530339877,0.6052945556262642,0.7781277022329537,0.7786691137401767,5.656771139035034,0.4130274591573921,0.4753111250470789,0.796992838894033,0.3088258869848511,1.0,0.0,D99G_F134W_D304M_R330A
pcp,epistatic,,51.9866983296056,66.12722107037763,0.5696531879368396,0.7561998457010044,0.7169378888675252,5.693985274409908,0.4015227771726597,0.517826562786923,0.799614641043384,0.32166737311832616,1.0,0.0,D99G_F134W_D304M_R330A
atchley,epistatic,,52.09009973902375,66.83233704985348,0.5604266628805069,0.7491167998721271,0.7219802908992022,5.71933831254539,0.4130763783501757,0.5828702936107683,0.7517081545229132,0.38897589189400095,1.0,0.0,D99G_F134W_D304M_R330A
physical,additive,,58.619025338559474,70.71763962989095,0.5078317895956093,0.7131791608826034,0.7748491122010274,5.717087191617867,0.6694399950180416,0.9251082783862652,0.0,0.5898700928686584,1.0,0.0,D99G_F134W_D304M_R330A
atchley,additive,,61.26827918134898,74.02465714541233,0.4607242957103801,0.6790539730961263,0.7151042881287336,5.767364856059635,0.4145733129330147,0.8643612626488073,0.0,0.610301318901032,1.0,0.0,D99G_F134W_D304M_R330A
kidera,additive,,61.35319407447749,73.57526200150616,0.46725218139195523,0.683717573812122,0.7345098959476116,5.758402718153582,0.6673858668785261,0.9123889838555459,0.0,0.6087156688987769,1.0,0.0,D99G_F134W_D304M_R330A
pcp,additive,,61.386429083139184,74.25103009729763,0.45742096142294963,0.6766204677482405,0.7007410823415325,5.770891176631622,0.48908235953985185,0.8601502509269302,0.0,0.6080175649968315,1.0,0.0,D99G_F134W_D304M_R330A
vhse,additive,,61.5412159384613,73.6431709935854,0.4662682891845379,0.6831773543312463,0.7173962890522232,5.763346073124068,0.41608784751257466,0.8413262875173342,0.0,0.6101684136795326,1.0,0.0,D99G_F134W_D304M_R330A
z_scales,additive,,61.92588055156149,73.96438429306781,0.4616021235441453,0.679709990287519,0.7024218830187583,5.763489693813822,0.4661369562649284,0.8639710539642109,0.0,0.6135773780325703,1.0,0.0,D99G_F134W_D304M_R330A
physical,epistatic,,42.33909685689963,56.787648403600286,0.688299040117603,0.830265833668219,0.8342883361501892,5.520106430872211,0.38871918971536523,0.5089887870885031,0.7942948085943186,0.29194323549352075,1.0,0.0,D99V_F134W_D304M_R330A
z_scales,epistatic,,47.38569040633107,60.13172549412906,0.6505076269820763,0.8068009921989369,0.8315379350420018,5.628492581769219,0.40696526365245805,0.5290529060900997,0.7954812985703444,0.33218430155729745,1.0,0.0,D99V_F134W_D304M_R330A
vhse,epistatic,,47.94799670850708,60.206562862782775,0.6496371591849874,0.8062443670691734,0.8055619245757871,5.61925089990242,0.3343485343660148,0.4816629181019969,0.8000319960505308,0.28823997059116235,1.0,0.0,D99V_F134W_D304M_R330A
kidera,epistatic,,49.10380552340415,60.49829457513831,0.646233557274512,0.8040278882458607,0.8116739270384258,5.607697044413542,0.3982270103429727,0.46114249002594665,0.8062347722669285,0.27245626013704416,1.0,0.0,D99V_F134W_D304M_R330A
pcp,epistatic,,50.74336717848444,64.11352309563078,0.6026898546263437,0.7777316471822077,0.76262510727575,5.664429650232389,0.38121312695255205,0.4989515847751713,0.8038701874274197,0.2927134630073831,1.0,0.0,D99V_F134W_D304M_R330A
atchley,epistatic,,50.75638379549169,64.45350991489603,0.5984648997758398,0.7738830265882198,0.7740851118931976,5.697398684679775,0.3699645002236319,0.5508770657704813,0.7506925302165217,0.3595615610806362,1.0,0.0,D99V_F134W_D304M_R330A
physical,additive,,58.64023463115907,70.4650771442757,0.5200696292964483,0.7218028347614237,0.7950187203277351,5.7125084710466965,0.6750293503018112,0.9307497349223723,0.0,0.5809125083086237,1.0,0.0,D99V_F134W_D304M_R330A
atchley,additive,,61.44458119750032,73.81060810239386,0.473415663261184,0.6884048662998945,0.7497899021042085,5.7637612677191195,0.4143506451679182,0.8674102468627813,0.0,0.6010187990419492,1.0,0.0,D99V_F134W_D304M_R330A
pcp,additive,,61.484305258311025,74.01727802467573,0.4704626594121736,0.6862411765320521,0.7389410977330247,5.7668208214550525,0.4984851911118245,0.8678019864568436,0.0,0.5986207608247938,1.0,0.0,D99V_F134W_D304M_R330A
kidera,additive,,61.58169489501133,73.41525267304162,0.4790416950220806,0.6923309989961675,0.7705707104771803,5.75510707654448,0.6617541275265114,0.9143228570898219,0.0,0.599589592467442,1.0,0.0,D99V_F134W_D304M_R330A
vhse,additive,,61.70168612564323,73.44777334039037,0.4785800562347433,0.6921927663280881,0.7485675016116808,5.759884690368047,0.4213002762821713,0.8463189281579147,0.0,0.6012977792854592,1.0,0.0,D99V_F134W_D304M_R330A
z_scales,additive,,62.185459753509136,73.77696675197255,0.4738955663966963,0.6887633101843661,0.7254946923152195,5.760168062728411,0.46611218531175724,0.8688530751647852,0.0,0.603922315320969,1.0,0.0,D99V_F134W_D304M_R330A
physical,epistatic,,43.19918438115112,57.00832263918051,0.7053670646398469,0.8403652573881908,0.8329131355960955,5.528727129785933,0.39002451858253867,0.5144070868092842,0.7864048746843123,0.2872346294093945,1.0,0.0,D99R_F134W_D304M_R330Q
z_scales,epistatic,,48.181972400386535,60.99656915865801,0.6627005887929658,0.8143811670895815,0.8332187357192274,5.63998074817083,0.40880514040461136,0.5312301723800055,0.7944148243851199,0.3183161201771936,1.0,0.0,D99R_F134W_D304M_R330Q
vhse,epistatic,,48.7874796947382,61.029685735254795,0.6623342326442966,0.8140043130215479,0.8141187280234815,5.632253591327462,0.33789947390480335,0.48936622800173313,0.7868058378566306,0.28146766454466265,1.0,0.0,D99R_F134W_D304M_R330Q
kidera,epistatic,,49.85417794464618,61.12958192193731,0.6612279143411178,0.8131916054496303,0.8219115311633457,5.619941422635441,0.4021227508948816,0.4667100929362714,0.7956510027503068,0.26531377509578813,1.0,0.0,D99R_F134W_D304M_R330Q
pcp,epistatic,,51.338756576765874,64.39504678746435,0.6240676557453977,0.7908087791720032,0.7750019122625933,5.669472387729748,0.38981770296699236,0.5029575487778633,0.7953944530055118,0.28469142870246,1.0,0.0,D99R_F134W_D304M_R330Q
atchley,epistatic,,52.76836662346448,65.89190971570285,0.6063874327435307,0.7790922814505663,0.7779051134323468,5.718077347617232,0.4004163857186028,0.5698000572824384,0.7408049696928529,0.35931942196909766,1.0,0.0,D99R_F134W_D304M_R330Q
physical,additive,,59.17113403433439,70.19043249010831,0.5533569263319079,0.7442672886369011,0.7737795117700657,5.708159098909522,0.6808454111600197,0.9135335358209831,0.0,0.5650739702777259,1.0,0.0,D99R_F134W_D304M_R330Q
pcp,additive,,62.27756738656273,73.84570169965488,0.5056264694360368,0.7112836111407006,0.7372602970557991,5.762968683367338,0.49828125540709156,0.8486447009704279,0.0,0.5817930558548605,1.0,0.0,D99R_F134W_D304M_R330Q
atchley,additive,,62.28347099628496,73.68918070022823,0.5077199652358614,0.7127700009543207,0.7552907043205833,5.760180520501575,0.41855491839812964,0.8519592949996039,0.0,0.5853421017058853,1.0,0.0,D99R_F134W_D304M_R330Q
kidera,additive,,62.31698939437409,73.26251866593756,0.5134040870837225,0.7166296930551944,0.7629307073988818,5.750391894064037,0.6722037862594941,0.9018849578590891,0.0,0.5832372860056807,1.0,0.0,D99R_F134W_D304M_R330Q
vhse,additive,,62.45156600876952,73.34335785663602,0.5123296571418494,0.7160694240138434,0.7601803062906943,5.7563593527743215,0.4218710295070306,0.8279906843565149,0.0,0.5847383710158645,1.0,0.0,D99R_F134W_D304M_R330Q
z_scales,additive,,62.946842425952475,73.6570524945568,0.5081491361448102,0.713085402348468,0.7497899021042085,5.756218467988521,0.47428194182324823,0.8555624689882133,0.0,0.5873448407297599,1.0,0.0,D99R_F134W_D304M_R330Q
physical,epistatic,,44.7492129733699,58.089800013868135,0.6939985654297687,0.8334705569532089,0.8213003309170819,5.546340111401157,0.4048923490951511,0.5295604884928898,0.7701973395483581,0.3007796497660543,1.0,0.0,D99G_F134W_D304M_R330Q
z_scales,epistatic,,49.38377576920797,61.82850016665271,0.6533420831548551,0.8084923742277335,0.8118267270999918,5.645726488918437,0.42430981801558776,0.5521329659992564,0.7685230427732859,0.34340210295034435,1.0,0.0,D99G_F134W_D304M_R330Q
vhse,epistatic,,50.3768962111331,62.28055695551498,0.6482543986546685,0.8052172459692902,0.7985331217437526,5.651994336400985,0.3547783157617992,0.5117653511832078,0.7569579048456901,0.3139666823229147,1.0,0.0,D99G_F134W_D304M_R330Q
kidera,epistatic,,51.81155644095381,62.62719935214839,0.6443279964417288,0.8027275297550167,0.8095347261765024,5.649514358848864,0.41970826753850615,0.48343146794096525,0.7656640451681272,0.30288486433695283,1.0,0.0,D99G_F134W_D304M_R330Q
atchley,epistatic,,52.423243542394154,65.59526357916509,0.6098167131195578,0.7810174516114867,0.7691955099230866,5.70213571148647,0.40761431379421803,0.5843269124190831,0.7230334774819891,0.37236638112286846,1.0,0.0,D99G_F134W_D304M_R330Q
pcp,epistatic,,52.903298221198234,65.4450699193947,0.6116014750323189,0.7827209935799243,0.752693103273962,5.687428501682929,0.4079834487977232,0.5254968451823299,0.7673842101883811,0.31652003342452617,1.0,0.0,D99G_F134W_D304M_R330Q
physical,additive,,58.62249220890113,69.74278625123205,0.5589150018982368,0.747850993460908,0.7847811162028154,5.7036112316146745,0.6790608306985086,0.9164938213337003,0.0,0.5640020498347292,1.0,0.0,D99G_F134W_D304M_R330Q
pcp,additive,,61.714464011834295,73.4263691760299,0.5110912533761007,0.715026134422441,0.737413097117365,5.7588497973530455,0.5014543269193229,0.8542856715722505,0.0,0.5799281988226637,1.0,0.0,D99G_F134W_D304M_R330Q
atchley,additive,,61.74349156307814,73.26767708018085,0.5132022691751854,0.7165157984321937,0.7604859064138263,5.756039994581489,0.4145627500252905,0.8525473214552826,0.0,0.5834905575371716,1.0,0.0,D99G_F134W_D304M_R330Q
kidera,additive,,61.752686271252074,72.86908319418293,0.518484456610589,0.7200911922059475,0.7647643081376734,5.746647437763467,0.6723569244860647,0.9074156860907889,0.0,0.5809174602871898,1.0,0.0,D99G_F134W_D304M_R330Q
vhse,additive,,61.850423217421486,72.9054228563006,0.5180040752329111,0.7199362667737268,0.7632363075220138,5.752101780348755,0.4228393917985426,0.8322984600630482,0.0,0.5826195594755903,1.0,0.0,D99G_F134W_D304M_R330Q
z_scales,additive,,62.443606838630544,73.26921186260567,0.5131818744675389,0.7165156585904996,0.742608299210608,5.75269115041914,0.4674065101612359,0.8580694781910541,0.0,0.5857089591131788,1.0,0.0,D99G_F134W_D304M_R330Q
physical,epistatic,,44.7068432181879,58.48850257775614,0.6890257776008357,0.8306719119721796,0.8272595333181546,5.54775232763705,0.39673154989396153,0.5309295550948661,0.7497778880567771,0.3056950503773467,1.0,0.0,D99V_F134W_D304M_R330Q
z_scales,epistatic,,48.7731182522225,61.99515765645499,0.6506192903138093,0.8068314000384893,0.8121323272231237,5.635671547627515,0.4352113217053528,0.5617803958415775,0.7518018765576938,0.34923160963839284,1.0,0.0,D99V_F134W_D304M_R330Q
vhse,epistatic,,50.17270522996215,62.70596443486567,0.642561697677663,0.8017536008418856,0.7989915219284505,5.653540009229723,0.3592029667054526,0.5191463061865274,0.7374768177291644,0.3214385631995853,1.0,0.0,D99V_F134W_D304M_R330Q
atchley,epistatic,,51.137986102767634,65.5730368281661,0.6091285232524106,0.7806307289981904,0.766750708938031,5.694252595157376,0.448602190773667,0.6121616046233943,0.7123774740305875,0.38363005059765226,1.0,0.0,D99V_F134W_D304M_R330Q
kidera,epistatic,,51.79792043296563,63.223877917667025,0.6366328640719823,0.797942778042557,0.8197723303014222,5.6545398906736395,0.4260918436818013,0.4887181428222206,0.7465895184768896,0.3121668011223937,1.0,0.0,D99V_F134W_D304M_R330Q
pcp,epistatic,,52.57943399477903,65.72510689926247,0.6073134852594684,0.7801717942524516,0.7598747061675624,5.68732922121746,0.4007693533513015,0.5315578182011838,0.7440536618988933,0.3216897658528962,1.0,0.0,D99V_F134W_D304M_R330Q
physical,additive,,57.62368264040463,68.84886249478362,0.5690995736479507,0.754644179569284,0.7835587157102877,5.6929962718899345,0.6641807568914664,0.8940797315287499,0.0,0.5573484311974588,1.0,0.0,D99V_F134W_D304M_R330Q
kidera,additive,,60.55322164693598,71.6971165566877,0.532709701000411,0.7299027777401882,0.7710291106618782,5.7325830362944075,0.6791849986917055,0.8917416488353435,0.0,0.5741605854304264,1.0,0.0,D99V_F134W_D304M_R330Q
atchley,additive,,60.602764585882326,72.21592107362667,0.5259225537140643,0.7253314537865774,0.7646115080761076,5.743885328214235,0.41414365386754576,0.8352817825147874,0.0,0.5768523680062724,1.0,0.0,D99V_F134W_D304M_R330Q
pcp,additive,,60.66185233518098,72.42661230357079,0.5231522597021075,0.7234183663789322,0.7520819030276981,5.747103957000525,0.4837405082292589,0.8310538710896042,0.0,0.5735555647016173,1.0,0.0,D99V_F134W_D304M_R330Q
vhse,additive,,60.67078712171489,71.81784707848622,0.5311346390212733,0.7289991634837508,0.7695011100462186,5.739246335550344,0.41720297747611196,0.8132271728811985,0.0,0.5758984481032525,1.0,0.0,D99V_F134W_D304M_R330Q
z_scales,additive,,61.185164774648605,72.11569547061275,0.5272375470103957,0.7262535453526203,0.7533043035202258,5.739133594258054,0.4737513910385313,0.8402467749446311,0.0,0.5783345809331605,1.0,0.0,D99V_F134W_D304M_R330Q
