variant_id,mutations,mutation_signature,mutation_order,observed,predicted,predicted_std_latent,predicted_std_observed,sigma_scale_inner,predicted_std_observed_calibrated,abs_error,training_distance_scale,resolved_lengthscale,min_train_kernel_eigenvalue,selected_descriptor_set,selected_model,selected_pca_components,fitted_lengthscale_multiplier,fitted_sigma_main,fitted_sigma_epi,fitted_sigma_noise,regularized_neg_log_marginal_likelihood,optimizer_success,optimizer_any_boundary_hit
WT,,WT,0,77.66666666666667,116.16085103360066,28.769251869875923,44.31697202527166,1.1765689199785723,52.141971912494476,38.49418436693399,1.6851495901680715,0.7522997752446882,0.0010800050885238794,physical,epistatic,,0.4464290764653458,0.6035135174918078,0.7689074610602202,0.3281719615676139,35.82920524529121,True,False
D99G,D99G,99,1,144.0,156.86828611871942,68.10399137452181,74.92129080713661,1.1230982529442035,84.14397081381975,12.868286118719425,1.6851495901680715,0.6890496061212096,3.8831331325666945e-16,physical,epistatic,,0.4088952162712664,0.5308678818878364,0.7988656241384265,0.2965797682176148,34.739700796413125,True,False
D99V,D99V,99,1,147.66666666666666,122.19164763279042,68.47644332887485,75.1597926082122,1.1311738308852894,85.01879053317525,25.475019033876237,1.6851495901680715,0.6905122129078946,1.0147796454362594e-15,physical,epistatic,,0.40976315511492667,0.5566539628412495,0.7947054264679889,0.29399301802747907,34.67251793817152,True,False
D99R,D99R,99,1,194.0,178.98433611743633,44.639144606162816,55.44278421538857,1.1202151244755834,62.10784542111442,15.015663882563672,1.6851495901680715,0.6920918156301921,0.0013744274585481687,physical,epistatic,,0.41070052158465353,0.5466102610592375,0.7585563547310231,0.3092456359619229,34.68264312378844,True,False
F134W,F134W,134,1,217.0,232.9146524344096,35.933531861679306,48.676105262387836,1.115488605929961,54.29764080124104,15.91465243440959,1.6851495901680715,0.6803172041424098,0.0014397866028482101,physical,epistatic,,0.4037132419054602,0.5363178277772359,0.755641091510684,0.3081299626489309,34.7280566814549,True,False
D304M,D304M,304,1,233.5,186.20315515214335,27.330686966881817,39.97341945086172,1.155314389476575,46.18186668816335,47.29684484785665,1.6851495901680715,0.6537306379202628,0.0011094823829896317,physical,epistatic,,0.38793626496687555,0.4909456290584233,0.7896495917031044,0.2735577483084278,34.26195865948887,True,False
D304E,D304E,304,1,171.25,127.4438419074365,25.91963203020224,40.97519979564966,1.1226233931951606,45.99971783144187,43.80615809256351,1.6851495901680715,0.7225935962835004,-6.140916317732159e-17,physical,epistatic,,0.4288008616561045,0.5353985618095937,0.7740204808912303,0.2995378986888171,34.58613136177244,True,False
D304Q,D304Q,304,1,157.0,146.84026323074238,31.378763488675947,45.55623205035048,1.1192868695064337,50.99049235814545,10.15973676925762,1.6851495901680715,0.6944670489467163,7.844835564489799e-17,physical,epistatic,,0.41211003046765265,0.543884809651462,0.7644366410401032,0.31266187074526275,35.130794790820175,True,False
D304V,D304V,304,1,131.5,83.54140747501802,44.63493933533308,52.467266895181965,1.1202999068904773,58.779074217470175,47.95859252498198,1.6851495901680715,0.6476899619296349,4.252128927786925e-16,physical,epistatic,,0.38435161228923087,0.5460477860400147,0.8306925622813643,0.26287823973491536,34.91356245073763,True,False
D304W,D304W,304,1,130.0,156.19879221829905,73.51165335103192,79.77507860238684,1.130689470514943,90.20084138522074,26.198792218299047,1.6851495901680715,0.6928339936114523,-7.907984834691547e-17,physical,epistatic,,0.4111409441949609,0.5380932316029918,0.8049582255224862,0.2954979597549183,34.78896903017743,True,False
D304R,D304R,304,1,123.0,161.57922157706736,52.25777024262927,60.755741673660665,1.1159918088360687,67.80291004756549,38.57922157706736,1.6851495901680715,0.6949376304148916,1.1589649269999163e-16,physical,epistatic,,0.41238928251205326,0.5098914923057044,0.8085683997373032,0.29620958686071125,34.992023438235265,True,False
D304L,D304L,304,1,137.5,214.1842864857008,20.279874423387863,29.2003797191949,1.1188722121663253,32.671493452512294,76.6842864857008,1.6851495901680715,0.6444928524497768,-5.635044085012182e-16,physical,epistatic,,0.38245438637023144,0.4943393962460608,0.8516459259504866,0.19990721722503713,33.12235512687923,True,False
R330A,R330A,330,1,147.0,280.90147867817245,65.03729464273557,72.12689050811032,1.1052136585101635,79.71562453543059,133.90147867817245,1.6851495901680715,0.8543821131841374,5.448071326534764e-18,physical,epistatic,,0.5070066884085489,0.6869673993697838,0.759524327328127,0.29594724251340054,33.36266359573808,True,False
R330Q,R330Q,330,1,140.66666666666666,122.76248649059679,64.69269088605134,71.63264488668811,1.1251286264604292,80.59593935108708,17.904180176069872,1.6851495901680715,0.6729617880577412,-1.5395670850387396e-16,physical,epistatic,,0.39934839730793403,0.5412082591883443,0.7984836981497191,0.2924106828747005,34.807401492265384,True,False
F134W_D304M,F134W;D304M,134+304,2,409.6666666666667,345.15931726081794,22.06804277643161,40.425537081039884,1.1458205507953036,46.32041116439309,64.50734940584874,1.6851495901680715,0.7284511085858731,0.0006273479990843076,physical,epistatic,,0.4322768214976213,0.5852625713561477,0.7281528219736803,0.330976864218221,35.185762079088576,True,False
F134W_D304L,F134W;D304L,134+304,2,370.3333333333333,249.82797349558086,49.32925085354012,56.19750422815121,1.1032870826141588,62.0019804900738,120.50535983775245,4.737383438449742,1.9396006350353967,-7.14715746806889e-17,kidera,epistatic,,0.40942445555348805,0.4570554577168951,0.7785258531488191,0.2585652767475115,35.45022183673779,True,False
F134W_D304I,F134W;D304I,134+304,2,341.3333333333333,337.6478255064559,20.7618724685162,39.20922672429425,1.1245044554784738,44.090950147334524,3.6855078268774264,1.6851495901680715,0.6874098114424587,-8.522368902471978e-17,physical,epistatic,,0.4079221307432408,0.5419447639552901,0.7619546318143086,0.3164037120442358,35.443615123781626,True,False
F134W_D304R,F134W;D304R,134+304,2,248.0,238.8222974873504,53.559100662752456,62.03877842625974,1.1200663194006413,69.48754621201266,9.177702512649603,1.6851495901680715,0.6751113657392828,6.227091902050105e-16,physical,epistatic,,0.4006239978208399,0.519000633646198,0.7835051225336745,0.2936212680156088,34.47416863016838,True,False
F134W_D304E,F134W;D304E,134+304,2,239.66666666666666,268.9373587420122,39.40789179153372,50.179212324937296,1.1125051777438213,55.824633526599314,29.270692075345522,1.6851495901680715,0.6493450145367387,3.075062788847855e-17,physical,epistatic,,0.3853337521637916,0.5302062728100119,0.7695688852017446,0.2913002210812425,34.540240847569834,True,False
F134W_D304S,F134W;D304S,134+304,2,222.5,248.5441323062709,68.77633020617844,75.35518918794438,1.1212164581521953,84.4894783246956,26.04413230627091,1.6851495901680715,0.6481655654388119,-1.2750217567185114e-16,physical,epistatic,,0.38463384450882243,0.5259761252847818,0.7789743078562671,0.2888804879327714,34.24959067808503,True,False
F134W_D304V,F134W;D304V,134+304,2,202.33333333333334,297.64320160739004,37.11150905770835,48.82777472172353,1.1164241070502976,54.51250479295329,95.3098682740567,1.6851495901680715,0.8648973673410179,-3.59013781397529e-16,physical,epistatic,,0.5132466413588574,0.5543584166824678,0.7795004585995443,0.2981364763598846,33.201633015246394,True,False
D99R_D304M,D99R;D304M,99+304,2,139.0,158.45769890137,47.59139840608581,57.724543731004744,1.112746230323035,64.23276843379271,19.45769890137001,1.6851495901680715,0.6828506809552688,0.0014760631955395784,physical,epistatic,,0.4052166555060334,0.5318768583514795,0.7719260838836304,0.31070631882282657,35.0202989120647,True,False
D99R_F134W,D99R;F134W,99+134,2,243.0,264.4494638985169,42.87255524207504,53.303605919745365,1.1274061372133741,60.09481244952406,21.44946389851691,1.6851495901680715,0.6842840471931602,0.0014792944497183302,physical,epistatic,,0.40606724244873227,0.5184415432079198,0.7785362072226841,0.2970209842753539,34.571565058845934,True,False
D99R_F134W_R330A,D99R;F134W;R330A,99+134+330,3,406.0,253.6955433310228,55.662108280031056,61.771082875639266,1.0833266191560282,66.91825837327312,152.3044566689772,1.6851495901680715,0.6989683180149778,6.678685233201182e-17,physical,epistatic,,0.4147811696321066,0.4867505560938447,0.79768233823798,0.26125078643655414,33.00170879772413,True,False
D99R_F134W_D304M,D99R;F134W;D304M,99+134+304,3,248.0,231.58091574373046,34.38979609512257,46.92493895657062,1.1296260385045567,53.00763290057902,16.419084256269542,1.6851495901680715,0.6806359679900275,0.001477059365038643,physical,epistatic,,0.40390240246988574,0.5204695626838755,0.7734148956494586,0.2994140473987325,34.722020449422544,True,False
D99G_F134W_D304M,D99G;F134W;D304M,99+134+304,3,266.0,273.6376912320886,44.333920277629666,54.56828956667132,1.1180929847395538,61.012421753731786,7.637691232088628,1.6851495901680715,0.6755283348297793,-3.408648476749008e-16,physical,epistatic,,0.4008714352548394,0.5187283295113594,0.7769959751426939,0.2986235595485649,34.64932167752664,True,False
D99V_F134W_D304M,D99V;F134W;D304M,99+134+304,3,201.0,257.57291235900163,43.99175349552858,53.46139664039509,1.1199679151990267,59.87504893897154,56.572912359001634,1.6851495901680715,0.6231287338175063,-3.339346454560927e-17,physical,epistatic,,0.3697765097253814,0.5017163137595696,0.7664796688347961,0.2854633280968117,34.185175749909654,True,False
F134W_D304M_R330A,F134W;D304M;R330A,134+304+330,3,520.0,429.36478418402885,44.6461759839025,55.42039057297798,1.1303427806419923,62.64403838452519,90.63521581597115,1.6851495901680715,0.7472080804787457,5.33080399845271e-16,physical,epistatic,,0.4434075673983468,0.5785005332117215,0.8192055531241523,0.34758106987917303,37.4685640399408,True,False
F134W_D304M_R330Q,F134W;D304M;R330Q,134+304+330,3,372.0,374.05905904712733,42.91567765356507,53.328993489819716,1.1408299698932882,60.83931403743039,2.0590590471273345,1.6851495901680715,0.66940536467131,4.4257132634687036e-16,physical,epistatic,,0.3972379476438917,0.5259490562325254,0.7953685881437388,0.30424415752797507,35.467594989735794,True,False
D99R_F134W_D304M_R330A,D99R;F134W;D304M;R330A,99+134+304+330,4,296.0,424.3509552383173,39.28858636167417,46.70626642657921,1.0650914677675731,49.746445862228576,128.35095523831728,1.6851495901680715,0.6777864393176188,-4.356324331593415e-16,physical,epistatic,,0.40221143765048095,0.5836076898028059,0.7403473459204468,0.23786930651317406,31.605611433810374,True,False
D99G_F134W_D304M_R330A,D99G;F134W;D304M;R330A,99+134+304+330,4,410.0,370.75304705271867,52.51701173894296,61.17859562739481,1.1318745632258294,69.24649620452713,39.24695294728133,1.6851495901680715,0.6716635766897934,2.478254080637669e-16,physical,epistatic,,0.39857801385027414,0.5160172365211282,0.8094113326827526,0.30670230165284074,35.69076033976488,True,False
D99V_F134W_D304M_R330A,D99V;F134W;D304M;R330A,99+134+304+330,4,391.0,319.4794675226674,51.932236984555644,59.9112564831439,1.1214275127219169,67.18613134193689,71.52053247733261,1.6851495901680715,0.6472969699254814,3.0889671954590223e-16,physical,epistatic,,0.38411840331689606,0.503416807689586,0.8005883384263396,0.289342894466277,34.90491150098252,True,False
D99R_F134W_D304M_R330Q,D99R;F134W;D304M;R330Q,99+134+304+330,4,255.0,221.90158780455647,48.04033577426626,56.77887416985057,1.1134062970416476,63.21795603964697,33.09841219544353,1.6851495901680715,0.6544379102622921,2.749536705480459e-16,physical,epistatic,,0.3883559739031955,0.5082965174901757,0.7902629657225715,0.2838963017853642,34.434206583067855,True,False
D99G_F134W_D304M_R330Q,D99G;F134W;D304M;R330Q,99+134+304+330,4,258.0,278.18522975372537,48.126622110921865,57.725141856779565,1.1144314360388636,64.33071273499796,20.185229753725366,1.6851495901680715,0.6769023352416852,2.207922556675039e-16,physical,epistatic,,0.4016867933808613,0.5245474291728238,0.7724339890226597,0.29904086655392315,34.52507348956311,True,False
D99V_F134W_D304M_R330Q,D99V;F134W;D304M;R330Q,99+134+304+330,4,205.0,247.43847221010355,47.70755754031778,57.627580727956484,1.1160271599009342,64.31394525178308,42.438472210103555,1.6851495901680715,0.6631522063470897,-6.549612943080361e-17,physical,epistatic,,0.393527203885175,0.5272135346537171,0.7525288854288692,0.3036352455680056,34.37586373214706,True,False
